Food Item (खाद्य पदार्थ),"Cereals,Pulses,Lentils & Legumes",Calories (per 100g),Protein (g),Carbs(g),Fats(g),Rasa (Taste) (रस),Virya (Potency) (वीर्य),Guna (Quality) (गुण),Vipaka (Post-digestive) (विपाक),Suitable for (Vata/Pitta/Kapha),Notes (Digestion / Special Effects),,,,,,
Toor Dal (अरहर दाल),"Cereals,Pulses,Lentils & Legumes",343,22.3,57.6,1.7,Sweet Astringent (मधुर कषाय),Heating (उष्ण),Light Dry (लघु रुक्ष),Sweet (मधुर),Vata↑ Pitta↑ Kapha↓,"Easily digestible, strengthens muscles.",,,,,,
Moong Dal (मूंग दाल),"Cereals,Pulses,Lentils & Legumes",347,24,63,1.2,Sweet (मधुर),Cooling (शीत),Light (लघु),Sweet (मधुर),Vata↓ Pitta↓ Kapha↓,"Best dal for digestion, very sattvic.",,,,,,
Masoor Dal (मसूर दाल),"Cereals,Pulses,Lentils & Legumes",320,25,60,1.3,Astringent (कषाय),Heating (उष्ण),Dry Light (रुक्ष लघु),Pungent (कटु),Vata↑ Pitta↓ Kapha↓,Helps control sugar levels.,,,,,,
Chana Dal (चना दाल),"Cereals,Pulses,Lentils & Legumes",364,20.5,60,5.6,Sweet Astringent (मधुर कषाय),Heating (उष्ण),Heavy Dry (गुरु रुक्ष),Pungent (कटु),Vata↑ Pitta↑ Kapha↓,Strengthening but heavy to digest.,,,,,,
Urad Dal (उड़द दाल),"Cereals,Pulses,Lentils & Legumes",341,25.2,59.6,1.6,Sweet (मधुर),Heating (उष्ण),Heavy Oily (गुरु स्निग्ध),Sweet (मधुर),Vata↑ Pitta↑ Kapha↑,Increases strength; difficult to digest.,,,,,,
Rajma (राजमा),"Cereals,Pulses,Lentils & Legumes",337,24,60,1.1,Astringent (कषाय),Heating (उष्ण),Heavy (गुरु),Pungent (कटु),Vata↑ Pitta↓ Kapha↓,High protein but causes gas if not soaked well.,,,,,,
Black Chana (काला चना),"Cereals,Pulses,Lentils & Legumes",360,20,65,5,Astringent (कषाय),Heating (उष्ण),Dry Heavy (रुक्ष गुरु),Pungent (कटु),Vata↑ Pitta↑ Kapha↓,"Improves stamina, reduces cholesterol.",,,,,,
White Chana (चना),"Cereals,Pulses,Lentils & Legumes",364,19,61,6,Sweet Astringent (मधुर कषाय),Heating (उष्ण),Heavy (गुरु),Pungent (कटु),Vata↑ Pitta↑ Kapha↓,"High fiber, supports weight loss.",,,,,,
Green Gram (हरी मूंग),"Cereals,Pulses,Lentils & Legumes",347,24,63,1.2,Sweet (मधुर),Cooling (शीत),Light (लघु),Sweet (मधुर),Vata↓ Pitta↓ Kapha↓,"Very light digestion, ideal for detox.",,,,,,
Soybean (सोयाबीन),"Cereals,Pulses,Lentils & Legumes",446,36.5,30,19.9,Astringent (कषाय),Cooling (शीत),Heavy Oily (गुरु स्निग्ध),Sweet (मधुर),Vata↑ Pitta↓ Kapha↑,"Very high protein, increases Kapha.",,,,,,
Lentils Whole (मसूर साबुत),"Cereals,Pulses,Lentils & Legumes",325,24.6,60.1,1.3,Astringent (कषाय),Heating (उष्ण),Dry (रुक्ष),Pungent (कटु),Vata↑ Pitta↓ Kapha↓,Good for heart health.,,,,,,
Horse Gram (कुल्थी),"Cereals,Pulses,Lentils & Legumes",321,22,57.2,0.5,Astringent (कषाय),Heating (उष्ण),Dry (रुक्ष),Pungent (कटु),Vata↑ Pitta↓ Kapha↓,Excellent for kidney stones & weight loss.,,,,,,
Peas Dry (सूखी मटर),"Cereals,Pulses,Lentils & Legumes",352,23,63,1,Sweet Astringent (मधुर कषाय),Cooling (शीत),Heavy (गुरु),Sweet (मधुर),Vata↑ Pitta↓ Kapha↓,Good protein source but forms gas.,,,,,,
Split Green Gram (मूंग दाल धुली),"Cereals,Pulses,Lentils & Legumes",348,24.5,62,1.1,Sweet (मधुर),Cooling (शीत),Light (लघु),Sweet (मधुर),Vata↓ Pitta↓ Kapha↓,Lightest and easiest digestible dal.,,,,,,
Chickpeas Sprouted (अंकुरित चना),"Cereals,Pulses,Lentils & Legumes",164,9,27,2.6,Astringent (कषाय),Cooling (शीत),Light (लघु),Sweet (मधुर),Vata↑ Pitta↓ Kapha↓,"Easier to digest, boosts metabolism.",,,,,,
Pigeon Pea Whole (अरहर साबुत),"Cereals,Pulses,Lentils & Legumes",343,22,57,1.7,Sweet Astringent (मधुर कषाय),Heating (उष्ण),Light (लघु),Sweet (मधुर),Vata↑ Pitta↑ Kapha↓,Useful for constipation relief.,,,,,,
Bengal Gram Whole (चना साबुत),"Cereals,Pulses,Lentils & Legumes",360,20.5,62,5.5,Astringent (कषाय),Heating (उष्ण),Dry (रुक्ष),Pungent (कटु),Vata↑ Pitta↑ Kapha↓,Great for stamina and digestion.,,,,,,
Urad Split (उड़द दाल धुली),"Cereals,Pulses,Lentils & Legumes",341,25,60,1.6,Sweet (मधुर),Heating (उष्ण),Heavy (गुरु),Sweet (मधुर),Vata↑ Pitta↑ Kapha↑,Nourishing but heavy.,,,,,,
Kidney Beans Small (छोटा राजमा),"Cereals,Pulses,Lentils & Legumes",333,22.5,61,1,Astringent (कषाय),Heating (उष्ण),Heavy (गुरु),Pungent (कटु),Vata↑ Pitta↓ Kapha↓,"High fiber, reduces cholesterol.",,,,,,
Black Eyed Beans (लोबिया),"Cereals,Pulses,Lentils & Legumes",343,23.4,60,1.3,Astringent (कषाय),Heating (उष्ण),Heavy (गुरु),Pungent (कटु),Vata↑ Pitta↓ Kapha↓,Improves digestion if soaked well.,,,,,,
Soya Chunks (सोया बड़ी),"Cereals,Pulses,Lentils & Legumes",345,52,33,0.5,Astringent (कषाय),Cooling (शीत),Heavy (गुरु),Sweet (मधुर),Vata↑ Pitta↓ Kapha↑,"Very high protein, increases Kapha.",,,,,,
Matki (मटकी),"Cereals,Pulses,Lentils & Legumes",343,24,61,1,Astringent (कषाय),Heating (उष्ण),Light (लघु),Pungent (कटु),Vata↑ Pitta↓ Kapha↓,Supports weight loss and digestion.,,,,,,
Red Lentils Split (लाल मसूर दाल),"Cereals,Pulses,Lentils & Legumes",319,25.4,60,1.2,Astringent (कषाय),Heating (उष्ण),Dry (रुक्ष),Pungent (कटु),Vata↑ Pitta↓ Kapha↓,Light and quick to cook.,,,,,,
Whole Moong Sprouts (अंकुरित मूंग),"Cereals,Pulses,Lentils & Legumes",30,3,6,0.2,Sweet (मधुर),Cooling (शीत),Light (लघु),Sweet (मधुर),Vata↓ Pitta↓ Kapha↓,Highly sattvic improves digestion.,,,,,,
Pea Protein (मटर प्रोटीन),"Cereals,Pulses,Lentils & Legumes",360,80,7,5,Astringent (कषाय),Cooling (शीत),Dry (रुक्ष),Pungent (कटु),Vata↑ Pitta↓ Kapha↓,High protein supplement.,,,,,,
Dry Lentils Yellow (पीली दाल),"Cereals,Pulses,Lentils & Legumes",330,24,62,1.5,Sweet Astringent (मधुर कषाय),Cooling (शीत),Light (लघु),Sweet (मधुर),Vata↓ Pitta↓ Kapha↓,Gentle on stomach.,,,,,,
Field Beans (बाकला),"Cereals,Pulses,Lentils & Legumes",343,21,62,1.5,Astringent (कषाय),Heating (उष्ण),Heavy (गुरु),Pungent (कटु),Vata↑ Pitta↓ Kapha↓,Strong but gas-forming if unsoaked.,,,,,,
Dry Soya Beans (सूखा सोया),"Cereals,Pulses,Lentils & Legumes",446,36,30,19,Astringent (कषाय),Cooling (शीत),Heavy (गुरु),Sweet (मधुर),Vata↑ Pitta↓ Kapha↑,Rich in protein and fats.,,,,,,
Sprouted Matki (अंकुरित मटकी),"Cereals,Pulses,Lentils & Legumes",92,8,17,0.6,Astringent (कषाय),Cooling (शीत),Light (लघु),Sweet (मधुर),Vata↓ Pitta↓ Kapha↓,Improves digestion and nutrient absorption.,,,,,,
Black Urad Whole (काली उड़द),"Cereals,Pulses,Lentils & Legumes",341,24,59,1.8,Sweet (मधुर),Heating (उष्ण),Heavy Oily (गुरु स्निग्ध),Sweet (मधुर),Vata↑ Pitta↑ Kapha↑,Very strengthening but difficult to digest.,,,,,,
Red Kidney Beans (लाल राजमा),"Cereals,Pulses,Lentils & Legumes",337,22.9,60.6,1.1,Astringent (कषाय),Heating (उष्ण),Heavy (गुरु),Pungent (कटु),Vata↑ Pitta↓ Kapha↓,Rich in iron; gas-forming.,,,,,,
White Kidney Beans (सफेद राजमा),"Cereals,Pulses,Lentils & Legumes",333,21.5,60,0.9,Astringent (कषाय),Heating (उष्ण),Heavy (गुरु),Pungent (कटु),Vata↑ Pitta↓ Kapha↓,Good for muscle gain.,,,,,,
Navy Beans (नेवी बीन्स),"Cereals,Pulses,Lentils & Legumes",337,22.3,60,1.1,Astringent (कषाय),Heating (उष्ण),Heavy (गुरु),Pungent (कटु),Vata↑ Pitta↓ Kapha↓,High fiber; supports gut health.,,,,,,
Pinto Beans (पिंटो बीन्स),"Cereals,Pulses,Lentils & Legumes",347,21.4,62.6,1.2,Astringent (कषाय),Heating (उष्ण),Heavy (गुरु),Pungent (कटु),Vata↑ Pitta↓ Kapha↓,Rich in antioxidants.,,,,,,
Black Beans (काले बीन्स),"Cereals,Pulses,Lentils & Legumes",341,21.6,62.4,1.4,Astringent (कषाय),Heating (उष्ण),Heavy (गुरु),Pungent (कटु),Vata↑ Pitta↓ Kapha↓,Good for bone strength.,,,,,,
Cranberry Beans (क्रैनबेरी बीन्स),"Cereals,Pulses,Lentils & Legumes",340,23,60,2,Astringent (कषाय),Heating (उष्ण),Heavy (गुरु),Pungent (कटु),Vata↑ Pitta↓ Kapha↓,Improves cholesterol profile.,,,,,,
Broad Beans (फावा बीन्स),"Cereals,Pulses,Lentils & Legumes",341,21,58,1.5,Astringent (कषाय),Heating (उष्ण),Heavy (गुरु),Pungent (कटु),Vata↑ Pitta↓ Kapha↑,High in folate.,,,,,,
Lima Beans (लीमा बीन्स),"Cereals,Pulses,Lentils & Legumes",338,21.4,63.4,0.7,Astringent (कषाय),Cooling (शीत),Heavy (गुरु),Sweet (मधुर),Vata↑ Pitta↓ Kapha↑,Nourishing but slow digestion.,,,,,,
Adzuki Beans (अदजुकी बीन्स),"Cereals,Pulses,Lentils & Legumes",329,19.9,62.9,0.5,Sweet Astringent (मधुर कषाय),Heating (उष्ण),Light (लघु),Sweet (मधुर),Vata↓ Pitta↓ Kapha↓,Good for liver detox.,,,,,,
Green Lentils (हरी मसूर),"Cereals,Pulses,Lentils & Legumes",352,24,60,1,Astringent (कषाय),Heating (उष्ण),Dry (रुक्ष),Pungent (कटु),Vata↑ Pitta↓ Kapha↓,High protein; regulates sugar.,,,,,,
Black Lentils (काली दाल),"Cereals,Pulses,Lentils & Legumes",353,25,60.8,1.1,Sweet Astringent (मधुर कषाय),Heating (उष्ण),Heavy (गुरु),Sweet (मधुर),Vata↑ Pitta↑ Kapha↑,Very strengthening.,,,,,,
French Lentils (फ्रेंच दाल),"Cereals,Pulses,Lentils & Legumes",353,26,60,1.2,Astringent (कषाय),Heating (उष्ण),Dry (रुक्ष),Pungent (कटु),Vata↑ Pitta↓ Kapha↓,High mineral content.,,,,,,
Yellow Split Peas (पीली मटर),"Cereals,Pulses,Lentils & Legumes",341,24.5,60,1,Sweet Astringent (मधुर कषाय),Cooling (शीत),Light (लघु),Sweet (मधुर),Vata↓ Pitta↓ Kapha↓,Gentle on digestion.,,,,,,
Green Split Peas (हरी मटर),"Cereals,Pulses,Lentils & Legumes",349,25,61,1,Astringent (कषाय),Cooling (शीत),Heavy (गुरु),Sweet (मधुर),Vata↑ Pitta↓ Kapha↓,Good for fiber intake.,,,,,,
Black Chickpeas Flour (काला चना आटा),"Cereals,Pulses,Lentils & Legumes",387,22,60,6,Astringent (कषाय),Heating (उष्ण),Dry (रुक्ष),Pungent (कटु),Vata↑ Pitta↑ Kapha↓,Supports bodybuilding.,,,,,,
Besan / Chickpea Flour (बेसन),"Cereals,Pulses,Lentils & Legumes",387,22,57.8,6.7,Astringent (कषाय),Heating (उष्ण),Dry (रुक्ष),Pungent (कटु),Vata↑ Pitta↑ Kapha↓,Light digestible if roasted.,,,,,,
Pressed Soy Chunks (सोया नगेट्स),"Cereals,Pulses,Lentils & Legumes",336,52,33,0.5,Astringent (कषाय),Cooling (शीत),Heavy (गुरु),Sweet (मधुर),Vata↑ Pitta↓ Kapha↑,Excellent plant protein.,,,,,,
Moong Flour (मूंग आटा),"Cereals,Pulses,Lentils & Legumes",347,24,62,1.2,Sweet (मधुर),Cooling (शीत),Light (लघु),Sweet (मधुर),Vata↓ Pitta↓ Kapha↓,Very light for digestion.,,,,,,
Pea Dal (मटर दाल),"Cereals,Pulses,Lentils & Legumes",350,23,62,1.1,Astringent (कषाय),Cooling (शीत),Light (लघु),Sweet (मधुर),Vata↑ Pitta↓ Kapha↓,Helps regulate cholesterol.,,,,,,
Phaseolus Beans (फेसोलस बीन्स),"Cereals,Pulses,Lentils & Legumes",340,22,61,1.3,Astringent (कषाय),Heating (उष्ण),Heavy (गुरु),Pungent (कटु),Vata↑ Pitta↓ Kapha↓,Rich in potassium.,,,,,,
Jiot Beans (जिओट बीन्स),"Cereals,Pulses,Lentils & Legumes",341,23,59,1.4,Astringent (कषाय),Heating (उष्ण),Heavy (गुरु),Pungent (कटु),Vata↑ Pitta↓ Kapha↓,Improves stamina.,,,,,,
Haricot Beans (हेरिकॉट बीन्स),"Cereals,Pulses,Lentils & Legumes",336,22,61.5,1.2,Astringent (कषाय),Cooling (शीत),Heavy (गुरु),Sweet (मधुर),Vata↑ Pitta↓ Kapha↑,Good for heart health.,,,,,,
White Peas (सफेद मटर),"Cereals,Pulses,Lentils & Legumes",341,20,64,1,Astringent (कषाय),Cooling (शीत),Heavy (गुरु),Sweet (मधुर),Vata↑ Pitta↓ Kapha↓,Good for winter diets.,,,,,,
Black Beans Whole (साबुत काले बीन्स),"Cereals,Pulses,Lentils & Legumes",347,21.5,63,1.2,Astringent (कषाय),Heating (उष्ण),Heavy (गुरु),Pungent (कटु),Vata↑ Pitta↓ Kapha↓,High in magnesium.,,,,,,
Moth Beans (मटकी बीन्स),"Cereals,Pulses,Lentils & Legumes",343,24,61,1,Astringent (कषाय),Heating (उष्ण),Light (लघु),Pungent (कटु),Vata↑ Pitta↓ Kapha↓,Boosts metabolism.,,,,,,
Dry Fava Beans (सूखी फावा बीन्स),"Cereals,Pulses,Lentils & Legumes",341,21,58,1.5,Astringent (कषाय),Heating (उष्ण),Heavy (गुरु),Pungent (कटु),Vata↑ Pitta↓ Kapha↑,"Folate rich, good protein.",,,,,,
White Urad (सफेद उड़द),"Cereals,Pulses,Lentils & Legumes",341,25,60,1.6,Sweet (मधुर),Heating (उष्ण),Heavy (गुरु),Sweet (मधुर),Vata↑ Pitta↑ Kapha↑,Strengthening; heavy food.,,,,,,
Urad Flour (उड़द आटा),"Cereals,Pulses,Lentils & Legumes",347,24,61,1.2,Sweet (मधुर),Heating (उष्ण),Heavy (गुरु),Sweet (मधुर),Vata↑ Pitta↑ Kapha↑,Used in traditional preparations.,,,,,,
Whole Soy (साबुत सोया),"Cereals,Pulses,Lentils & Legumes",446,36,30,19,Astringent (कषाय),Cooling (शीत),Heavy (गुरु),Sweet (मधुर),Vata↑ Pitta↓ Kapha↑,"High protein , dense food.",,,,,,
Ripe Pea Beans (मटर बीन्स),"Cereals,Pulses,Lentils & Legumes",344,23,62,1.2,Astringent (कषाय),Cooling (शीत),Heavy (गुरु),Sweet (मधुर),Vata↑ Pitta↓ Kapha↓,Good source of plant protein.,,,,,,
Kabuli Chana Flour (काबुली चना आटा),"Cereals,Pulses,Lentils & Legumes",387,22,58,6.5,Astringent (कषाय),Heating (उष्ण),Dry (रुक्ष),Pungent (कटु),Vata↑ Pitta↑ Kapha↓,Good for protein; used in gluten-free diets.,,,,,,
Red Lobia (लाल लोबिया),"Cereals,Pulses,Lentils & Legumes",336,23,61,1.3,Astringent (कषाय),Heating (उष्ण),Heavy (गुरु),Pungent (कटु),Vata↑ Pitta↓ Kapha↓,Rich in iron; slow digestion.,,,,,,
White Lobia (सफेद लोबिया),"Cereals,Pulses,Lentils & Legumes",333,22.5,60,1.4,Astringent (कषाय),Heating (उष्ण),Heavy (गुरु),Pungent (कटु),Vata↑ Pitta↓ Kapha↓,Helps in weight management.,,,,,,
Dal Makhani Beans (दाल माखनी दाल),"Cereals,Pulses,Lentils & Legumes",350,25,59,1.4,Sweet (मधुर),Heating (उष्ण),Heavy (गुरु),Sweet (मधुर),Vata↑ Pitta↑ Kapha↑,Rich and strengthening.,,,,,,
Bambara Groundnuts (बाम्बारा),"Cereals,Pulses,Lentils & Legumes",400,20,60,6,Sweet Astringent (मधुर कषाय),Cooling (शीत),Heavy (गुरु),Sweet (मधुर),Vata↑ Pitta↓ Kapha↑,High fiber and minerals.,,,,,,
Dry Chickpeas (सूखा चना),"Cereals,Pulses,Lentils & Legumes",364,19,61,6,Astringent (कषाय),Heating (उष्ण),Dry (रुक्ष),Pungent (कटु),Vata↑ Pitta↑ Kapha↓,Used commonly for flour and snacks.,,,,,,
Whole Green Peas (साबुत हरी मटर),"Cereals,Pulses,Lentils & Legumes",352,23,63,1,Sweet Astringent (मधुर कषाय),Cooling (शीत),Heavy (गुरु),Sweet (मधुर),Vata↑ Pitta↓ Kapha↓,Good for soups.,,,,,,
Split Horse Gram (कुल्थी दाल),"Cereals,Pulses,Lentils & Legumes",321,22,57.2,0.5,Astringent (कषाय),Heating (उष्ण),Dry (रुक्ष),Pungent (कटु),Vata↑ Pitta↓ Kapha↓,Great for weight loss and kidney issues.,,,,,,
Split Bengal Gram (चना दाल धुली),"Cereals,Pulses,Lentils & Legumes",364,20.8,60,5.6,Astringent (कषाय),Heating (उष्ण),Heavy (गुरु),Pungent (कटु),Vata↑ Pitta↑ Kapha↓,Strengthening but hard to digest.,,,,,,
Whole Yellow Peas (पीली साबुत मटर),"Cereals,Pulses,Lentils & Legumes",348,23,62,1,Astringent (कषाय),Cooling (शीत),Light (लघु),Sweet (मधुर),Vata↑ Pitta↓ Kapha↓,Helpful in fiber-rich diets.,,,,,,
Canned Kidney Beans (डिब्बाबंद राजमा),"Cereals,Pulses,Lentils & Legumes",132,8.7,21,0.5,Astringent (कषाय),Heating (उष्ण),Heavy (गुरु),Pungent (कटु),Vata↑ Pitta↓ Kapha↓,Easier to digest than dry beans.,,,,,,
Whole Red Lentils (लाल साबुत मसूर),"Cereals,Pulses,Lentils & Legumes",329,25,59,1.4,Astringent (कषाय),Heating (उष्ण),Dry (रुक्ष),Pungent (कटु),Vata↑ Pitta↓ Kapha↓,Good for heart health.,,,,,,
Roasted Chana (भुना चना),"Cereals,Pulses,Lentils & Legumes",365,22,60,5,Astringent (कषाय),Heating (उष्ण),Dry (रुक्ष),Pungent (कटु),Vata↑ Pitta↑ Kapha↓,Light snack; high protein.,,,,,,
Steamed Soybeans (उबला सोया),"Cereals,Pulses,Lentils & Legumes",172,17,10,8,Astringent (कषाय),Cooling (शीत),Heavy (गुरु),Sweet (मधुर),Vata↑ Pitta↓ Kapha↑,Improves muscle mass.,,,,,,
Cooked Lentils (पकी मसूर दाल),"Cereals,Pulses,Lentils & Legumes",116,9,20,0.4,Astringent (कषाय),Heating (उष्ण),Light (लघु),Pungent (कटु),Vata↓ Pitta↓ Kapha↓,Very easy to digest.,,,,,,
Cooked Moong Dal (पकी मूंग दाल),"Cereals,Pulses,Lentils & Legumes",105,7.2,19,0.3,Sweet (मधुर),Cooling (शीत),Light (लघु),Sweet (मधुर),Vata↓ Pitta↓ Kapha↓,Ideal for weak digestion.,,,,,,
Cooked Urad Dal (पकी उड़द दाल),"Cereals,Pulses,Lentils & Legumes",150,12,25,1,Sweet (मधुर),Heating (उष्ण),Heavy (गुरु),Sweet (मधुर),Vata↑ Pitta↑ Kapha↑,Rich but heavy food.,,,,,,
Cooked Chana Dal (पकी चना दाल),"Cereals,Pulses,Lentils & Legumes",135,9,20,4,Astringent (कषाय),Heating (उष्ण),Heavy (गुरु),Pungent (कटु),Vata↑ Pitta↑ Kapha↓,Good protein for meals.,,,,,,
Boiled Rajma (उबला राजमा),"Cereals,Pulses,Lentils & Legumes",127,8.7,18,0.5,Astringent (कषाय),Heating (उष्ण),Heavy (गुरु),Pungent (कटु),Vata↑ Pitta↓ Kapha↓,Gentler on digestion than dry.,,,,,,
Boiled Chole (उबला चना),"Cereals,Pulses,Lentils & Legumes",164,8,27,2.6,Astringent (कषाय),Heating (उष्ण),Heavy (गुरु),Pungent (कटु),Vata↑ Pitta↓ Kapha↓,Good for salads & bowls.,,,,,,
Boiled Green Peas (उबली हरी मटर),"Cereals,Pulses,Lentils & Legumes",84,5,15,0.4,Sweet (मधुर),Cooling (शीत),Light (लघु),Sweet (मधुर),Vata↓ Pitta↓ Kapha↑,Good for digestion.,,,,,,
Roasted Soybeans (भुना सोया),"Cereals,Pulses,Lentils & Legumes",432,36,30,19,Astringent (कषाय),Cooling (शीत),Heavy (गुरु),Sweet (मधुर),Vata↑ Pitta↓ Kapha↑,Crunchy high-protein snack.,,,,,,
Steamed Chickpeas (स्टीम्ड चना),"Cereals,Pulses,Lentils & Legumes",160,8,25,2,Astringent (कषाय),Heating (उष्ण),Light (लघु),Pungent (कटु),Vata↑ Pitta↓ Kapha↓,Better digestibility.,,,,,,
Boiled Black Chana (उबला काला चना),"Cereals,Pulses,Lentils & Legumes",164,9,27,2.6,Astringent (कषाय),Heating (उष्ण),Light (लघु),Pungent (कटु),Vata↑ Pitta↓ Kapha↓,Rich in minerals.,,,,,,
Cooked Matki (पकी मटकी),"Cereals,Pulses,Lentils & Legumes",97,7,18,0.8,Astringent (कषाय),Heating (उष्ण),Light (लघु),Pungent (कटु),Vata↑ Pitta↓ Kapha↓,Good for weight loss.,,,,,,
Moong Sprout Curry (मूंग अंकुरित सब्ज़ी),"Cereals,Pulses,Lentils & Legumes",53,4,8,0.2,Sweet (मधुर),Cooling (शीत),Light (लघु),Sweet (मधुर),Vata↓ Pitta↓ Kapha↓,Very sattvic & detoxifying.,,,,,,
Cooked Green Gram (पका साबुत मूंग),"Cereals,Pulses,Lentils & Legumes",116,8,20,0.5,Sweet (मधुर),Cooling (शीत),Light (लघु),Sweet (मधुर),Vata↓ Pitta↓ Kapha↓,Excellent for digestive issues.,,,,,,
Boiled Soy Nuggets (उबला सोया बड़ी),"Cereals,Pulses,Lentils & Legumes",160,20,10,1,Astringent (कषाय),Cooling (शीत),Heavy (गुरु),Sweet (मधुर),Vata↑ Pitta↓ Kapha↑,High protein; good for athletes.,,,,,,
Cooked Lobia (पकी लोबिया),"Cereals,Pulses,Lentils & Legumes",140,9,24,0.5,Astringent (कषाय),Heating (उष्ण),Heavy (गुरु),Pungent (कटु),Vata↑ Pitta↓ Kapha↓,Good for winter meals.,,,,,,
Cooked Moth Beans (पकी मटकी बीन्स),"Cereals,Pulses,Lentils & Legumes",110,7,19,0.7,Astringent (कषाय),Heating (उष्ण),Light (लघु),Pungent (कटु),Vata↑ Pitta↓ Kapha↓,Helps digestion.,,,,,,
Boiled Peas (उबली मटर),"Cereals,Pulses,Lentils & Legumes",78,5.2,14,0.4,Sweet (मधुर),Cooling (शीत),Light (लघु),Sweet (मधुर),Vata↓ Pitta↓ Kapha↑,Light and cooling.,,,,,,
Double Beans (डबल बीन्स),"Cereals,Pulses,Lentils & Legumes",347,21,62,1.3,Astringent (कषाय),Heating (उष्ण),Heavy (गुरु),Pungent (कटु),Vata↑ Pitta↓ Kapha↓,"High fiber, filling.",,,,,,
White Pea Dal (सफेद मटर दाल),"Cereals,Pulses,Lentils & Legumes",347,22.5,62,1.2,Astringent (कषाय),Cooling (शीत),Light (लघु),Sweet (मधुर),Vata↑ Pitta↓ Kapha↓,Good for soups and khichdi.,,,,,,
Roasted Urad Dal (भुनी उड़द दाल),"Cereals,Pulses,Lentils & Legumes",345,24,61,1.5,Sweet (मधुर),Heating (उष्ण),Heavy (गुरु),Sweet (मधुर),Vata↑ Pitta↑ Kapha↑,Strengthening but hard to digest.,,,,,,
Split Black Gram (काली उड़द दाल),"Cereals,Pulses,Lentils & Legumes",341,25,59,1.8,Sweet (मधुर),Heating (उष्ण),Heavy (गुरु),Sweet (मधुर),Vata↑ Pitta↑ Kapha↑,Used for traditional Indian dishes.,,,,,,
Dry Lupin Beans (सूखे लुपिन बीन्स),"Cereals,Pulses,Lentils & Legumes",371,33,40,9.8,Astringent (कषाय),Cooling (शीत),Heavy (गुरु),Pungent (कटु),Vata↑ Pitta↓ Kapha↑,"High protein, low carb.",,,,,,
Boiled Lupin Beans (उबले लुपिन बीन्स),"Cereals,Pulses,Lentils & Legumes",119,16,12,3,Astringent (कषाय),Cooling (शीत),Light (लघु),Sweet (मधुर),Vata↓ Pitta↓ Kapha↑,Easier to digest.,,,,,,
Dry Navy Beans (सूखे नेवी बीन्स),"Cereals,Pulses,Lentils & Legumes",337,22.3,60,1.1,Astringent (कषाय),Heating (उष्ण),Heavy (गुरु),Pungent (कटु),Vata↑ Pitta↓ Kapha↓,Improves gut health.,,,,,,
Boiled Navy Beans (उबले नेवी बीन्स),"Cereals,Pulses,Lentils & Legumes",140,8,25,0.5,Astringent (कषाय),Heating (उष्ण),Light (लघु),Pungent (कटु),Vata↓ Pitta↓ Kapha↓,Light and nutritious.,,,,,,
Whole Butter Beans (साबुत बटर बीन्स),"Cereals,Pulses,Lentils & Legumes",338,21,63,0.8,Astringent (कषाय),Cooling (शीत),Heavy (गुरु),Sweet (मधुर),Vata↑ Pitta↓ Kapha↑,Good for winter diets.,,,,,,
Boiled Butter Beans (उबले बटर बीन्स),"Cereals,Pulses,Lentils & Legumes",133,7.9,23,0.4,Astringent (कषाय),Cooling (शीत),Light (लघु),Sweet (मधुर),Vata↓ Pitta↓ Kapha↑,Good source of protein.,,,,,,
Whole Cannellini Beans (कैनलिनी बीन्स),"Cereals,Pulses,Lentils & Legumes",330,22,61,1,Astringent (कषाय),Heating (उष्ण),Heavy (गुरु),Pungent (कटु),Vata↑ Pitta↓ Kapha↓,Good for soups and salads.,,,,,,
Boiled Cannellini Beans (उबले कैनलिनी बीन्स),"Cereals,Pulses,Lentils & Legumes",140,8.7,21,0.4,Astringent (कषाय),Heating (उष्ण),Light (लघु),Pungent (कटु),Vata↓ Pitta↓ Kapha↓,Light and filling.,,,,,,
Dry Black-eyed Peas (सूखी लोबिया),"Cereals,Pulses,Lentils & Legumes",343,23.4,60,1.3,Astringent (कषाय),Heating (उष्ण),Heavy (गुरु),Pungent (कटु),Vata↑ Pitta↓ Kapha↓,Rich in protein.,,,,,,
Boiled Black-eyed Peas (उबली लोबिया),"Cereals,Pulses,Lentils & Legumes",140,8,25,0.5,Astringent (कषाय),Heating (उष्ण),Light (लघु),Pungent (कटु),Vata↓ Pitta↓ Kapha↓,Easier to digest.,,,,,,
Dry Pinto Beans (सूखे पिंटो बीन्स),"Cereals,Pulses,Lentils & Legumes",347,21.4,62.6,1.2,Astringent (कषाय),Heating (उष्ण),Heavy (गुरु),Pungent (कटु),Vata↑ Pitta↓ Kapha↓,Common in Mexican food.,,,,,,
Boiled Pinto Beans (उबले पिंटो बीन्स),"Cereals,Pulses,Lentils & Legumes",143,9,24,0.6,Astringent (कषाय),Heating (उष्ण),Light (लघु),Pungent (कटु),Vata↓ Pitta↓ Kapha↓,Better digestibility.,,,,,,
Whole Red Chori Beans (लाल चोरी बीन्स),"Cereals,Pulses,Lentils & Legumes",343,22,61,1,Astringent (कषाय),Heating (उष्ण),Heavy (गुरु),Pungent (कटु),Vata↑ Pitta↓ Kapha↓,Good plant protein.,,,,,,
Boiled Red Chori Beans (उबले चोरी बीन्स),"Cereals,Pulses,Lentils & Legumes",115,7,20,0.4,Astringent (कषाय),Heating (उष्ण),Light (लघु),Pungent (कटु),Vata↓ Pitta↓ Kapha↓,Light digestion.,,,,,,
Whole Green Chori Beans (हरी चूरी बीन्स),"Cereals,Pulses,Lentils & Legumes",343,22,62,1.2,Astringent (कषाय),Heating (उष्ण),Heavy (गुरु),Pungent (कटु),Vata↑ Pitta↓ Kapha↓,Great for muscle growth.,,,,,,
Boiled Green Chori Beans (उबली चूरी बीन्स),"Cereals,Pulses,Lentils & Legumes",118,7.2,19,0.5,Astringent (कषाय),Heating (उष्ण),Light (लघु),Pungent (कटु),Vata↓ Pitta↓ Kapha↓,Easy on stomach.,,,,,,
Whole Red Gram (साबुत अरहर),"Cereals,Pulses,Lentils & Legumes",343,22.3,57,1.5,Sweet Astringent (मधुर कषाय),Heating (उष्ण),Light (लघु),Sweet (मधुर),Vata↑ Pitta↑ Kapha↓,Nutrient-dense.,,,,,,
Roasted Red Gram (भुना अरहर),"Cereals,Pulses,Lentils & Legumes",350,23,55,1.8,Sweet Astringent (मधुर कषाय),Heating (उष्ण),Light (लघु),Sweet (मधुर),Vata↑ Pitta↑ Kapha↓,Rich and strengthening.,,,,,,
Cooked Red Gram (पका अरहर),"Cereals,Pulses,Lentils & Legumes",125,9,20,0.5,Sweet (मधुर),Heating (उष्ण),Light (लघु),Sweet (मधुर),Vata↓ Pitta↓ Kapha↓,Gentle on digestion.,,,,,,
Dry Bambara Nuts (सूखे बाम्बारा नट्स),"Cereals,Pulses,Lentils & Legumes",400,20,60,6,Sweet Astringent (मधुर कषाय),Cooling (शीत),Heavy (गुरु),Sweet (मधुर),Vata↑ Pitta↓ Kapha↑,High mineral food.,,,,,,
Boiled Bambara Nuts (उबले बाम्बारा नट्स),"Cereals,Pulses,Lentils & Legumes",150,9,20,4,Sweet Astringent (मधुर कषाय),Cooling (शीत),Light (लघु),Sweet (मधुर),Vata↓ Pitta↓ Kapha↑,More digestible than dry.,,,,,,
Whole Field Peas (फील्ड मटर),"Cereals,Pulses,Lentils & Legumes",347,22,62,1.1,Astringent (कषाय),Cooling (शीत),Heavy (गुरु),Sweet (मधुर),Vata↑ Pitta↓ Kapha↓,Good for fiber intake.,,,,,,
Boiled Field Peas (उबली फील्ड मटर),"Cereals,Pulses,Lentils & Legumes",130,8,22,0.5,Astringent (कषाय),Cooling (शीत),Light (लघु),Sweet (मधुर),Vata↓ Pitta↓ Kapha↓,"Light, nutritious.",,,,,,
Whole Brown Lentils (भूरी मसूर),"Cereals,Pulses,Lentils & Legumes",353,25.4,60,1.2,Astringent (कषाय),Heating (उष्ण),Dry (रुक्ष),Pungent (कटु),Vata↑ Pitta↓ Kapha↓,Regulates blood sugar.,,,,,,
Boiled Brown Lentils (उबली भूरी मसूर),"Cereals,Pulses,Lentils & Legumes",116,9,20,0.4,Astringent (कषाय),Heating (उष्ण),Light (लघु),Pungent (कटु),Vata↓ Pitta↓ Kapha↓,Easy to digest.,,,,,,
Dry Red Kidney Beans (सूखे लाल राजमा),"Cereals,Pulses,Lentils & Legumes",337,22.9,60.6,1.1,Astringent (कषाय),Heating (उष्ण),Heavy (गुरु),Pungent (कटु),Vata↑ Pitta↓ Kapha↓,High fiber but gas-forming.,,,,,,
Boiled Whole Peas (उबली साबुत मटर),"Cereals,Pulses,Lentils & Legumes",81,5.4,14.5,0.5,Sweet (मधुर),Cooling (शीत),Light (लघु),Sweet (मधुर),Vata↓ Pitta↓ Kapha↑,Light and nutritious.,,,,,,
Dry Fava Beans (सूखे बाकला),"Cereals,Pulses,Lentils & Legumes",341,21.1,58.3,1.5,Astringent (कषाय),Heating (उष्ण),Heavy (गुरु),Pungent (कटु),Vata↑ Pitta↓ Kapha↑,High in protein and minerals.,,,,,,
Dark Red Lentils (गहरे लाल मसूर),"Cereals,Pulses,Lentils & Legumes",350,25.2,59,1.1,Astringent (कषाय),Heating (उष्ण),Dry (रुक्ष),Pungent (कटु),Vata↑ Pitta↓ Kapha↓,Very rich in iron.,,,,,,
Boiled Red Lentils (उबले लाल मसूर),"Cereals,Pulses,Lentils & Legumes",116,9,20,0.4,Astringent (कषाय),Heating (उष्ण),Light (लघु),Pungent (कटु),Vata↓ Pitta↓ Kapha↓,Very light digestive food.,,,,,,
Whole Cowpeas (साबुत लोबिया),"Cereals,Pulses,Lentils & Legumes",343,24,60,1.1,Astringent (कषाय),Heating (उष्ण),Heavy (गुरु),Pungent (कटु),Vata↑ Pitta↓ Kapha↓,Good for protein intake.,,,,,,
Boiled Cowpeas (उबली लोबिया),"Cereals,Pulses,Lentils & Legumes",140,8.5,24,0.4,Astringent (कषाय),Heating (उष्ण),Light (लघु),Pungent (कटु),Vata↓ Pitta↓ Kapha↓,Safer on digestion.,,,,,,
Whole Red Lentils (साबुत लाल मसूर),"Cereals,Pulses,Lentils & Legumes",329,25,59,1.4,Astringent (कषाय),Heating (उष्ण),Dry (रुक्ष),Pungent (कटु),Vata↑ Pitta↓ Kapha↓,Beneficial for heart health.,,,,,,
Cooked Whole Rajma (पका साबुत राजमा),"Cereals,Pulses,Lentils & Legumes",127,8.7,19,0.5,Astringent (कषाय),Heating (उष्ण),Heavy (गुरु),Pungent (कटु),Vata↑ Pitta↓ Kapha↓,Good for meals but heavy.,,,,,,
Black-eyed Pea Flour (लोबिया आटा),"Cereals,Pulses,Lentils & Legumes",375,24,60,1.4,Astringent (कषाय),Heating (उष्ण),Dry (रुक्ष),Pungent (कटु),Vata↑ Pitta↓ Kapha↓,Used in high-protein recipes.,,,,,,
Whole Split Peas (साबुत दाल मटर),"Cereals,Pulses,Lentils & Legumes",348,24,62,1.1,Astringent (कषाय),Cooling (शीत),Light (लघु),Sweet (मधुर),Vata↑ Pitta↓ Kapha↓,Good dietary fiber.,,,,,,
Cooked Split Peas (पकी दाल मटर),"Cereals,Pulses,Lentils & Legumes",125,8,20,0.5,Astringent (कषाय),Cooling (शीत),Light (लघु),Sweet (मधुर),Vata↓ Pitta↓ Kapha↓,Suitable for digestive issues.,,,,,,
Dry Hyacinth Beans (सूखे सेम),"Cereals,Pulses,Lentils & Legumes",330,22,60,0.8,Astringent (कषाय),Heating (उष्ण),Heavy (गुरु),Pungent (कटु),Vata↑ Pitta↓ Kapha↓,Great for energy.,,,,,,
Boiled Hyacinth Beans (उबली सेम),"Cereals,Pulses,Lentils & Legumes",130,7.5,21,0.4,Astringent (कषाय),Heating (उष्ण),Light (लघु),Pungent (कटु),Vata↓ Pitta↓ Kapha↓,Better digestibility.,,,,,,
Dry Black Chori Beans (सूखी काली चूरी),"Cereals,Pulses,Lentils & Legumes",343,23,61,1.3,Astringent (कषाय),Heating (उष्ण),Heavy (गुरु),Pungent (कटु),Vata↑ Pitta↓ Kapha↓,High fiber & minerals.,,,,,,
Boiled Black Chori Beans (उबली काली चूरी),"Cereals,Pulses,Lentils & Legumes",118,7,19,0.5,Astringent (कषाय),Heating (उष्ण),Light (लघु),Pungent (कटु),Vata↓ Pitta↓ Kapha↓,Easier to digest.,,,,,,
Brown Chickpeas Boiled (उबला भूरा चना),"Cereals,Pulses,Lentils & Legumes",164,9,27,2.5,Astringent (कषाय),Heating (उष्ण),Light (लघु),Pungent (कटु),Vata↑ Pitta↓ Kapha↓,Rich in fiber.,,,,,,
Whole Navy Peas (साबुत नेवी मटर),"Cereals,Pulses,Lentils & Legumes",345,23,61.2,1.2,Astringent (कषाय),Heating (उष्ण),Heavy (गुरु),Pungent (कटु),Vata↑ Pitta↓ Kapha↓,High protein.,,,,,,
Boiled Navy Peas (उबले नेवी मटर),"Cereals,Pulses,Lentils & Legumes",135,8.2,22,0.4,Astringent (कषाय),Heating (उष्ण),Light (लघु),Pungent (कटु),Vata↓ Pitta↓ Kapha↓,Light and healthy.,,,,,,
Dry Whole Chana (सूखा साबुत चना),"Cereals,Pulses,Lentils & Legumes",364,20,61,5.5,Astringent (कषाय),Heating (उष्ण),Dry (रुक्ष),Pungent (कटु),Vata↑ Pitta↑ Kapha↓,High-protein staple.,,,,,,
Cooked Whole Chana (पका साबुत चना),"Cereals,Pulses,Lentils & Legumes",164,9,27,2.6,Astringent (कषाय),Heating (उष्ण),Light (लघु),Pungent (कटु),Vata↑ Pitta↓ Kapha↓,Good in salads and snacks.,,,,,,
Whole Green Gram (साबुत हरा मूंग),"Cereals,Pulses,Lentils & Legumes",347,24,63,1.2,Sweet (मधुर),Cooling (शीत),Light (लघु),Sweet (मधुर),Vata↓ Pitta↓ Kapha↓,Highly sattvic and light.,,,,,,
Steamed Green Gram (स्टीम्ड हरा मूंग),"Cereals,Pulses,Lentils & Legumes",114,8,19,0.4,Sweet (मधुर),Cooling (शीत),Light (लघु),Sweet (मधुर),Vata↓ Pitta↓ Kapha↓,Excellent detox food.,,,,,,
Boiled Whole Soybeans (उबले साबुत सोया),"Cereals,Pulses,Lentils & Legumes",170,17,10,8,Astringent (कषाय),Cooling (शीत),Heavy (गुरु),Sweet (मधुर),Vata↑ Pitta↓ Kapha↑,Rich in protein & fats.,,,,,,
Dry White Gram (सूखा सफेद चना),"Cereals,Pulses,Lentils & Legumes",365,18,61,6.5,Astringent (कषाय),Heating (उष्ण),Heavy (गुरु),Pungent (कटु),Vata↑ Pitta↑ Kapha↓,Nutritious and dense.,,,,,,
Boiled White Gram (उबला सफेद चना),"Cereals,Pulses,Lentils & Legumes",160,9,27,2.6,Astringent (कषाय),Heating (उष्ण),Light (लघु),Pungent (कटु),Vata↑ Pitta↓ Kapha↓,Good for salads.,,,,,,
Whole Bengal Gram (साबुत चना),"Cereals,Pulses,Lentils & Legumes",360,20.5,62,5.5,Astringent (कषाय),Heating (उष्ण),Dry (रुक्ष),Pungent (कटु),Vata↑ Pitta↑ Kapha↓,Great for stamina.,,,,,,
Whole Lentils Brown (साबुत भूरी दाल),"Cereals,Pulses,Lentils & Legumes",352,25,59,1.1,Astringent (कषाय),Heating (उष्ण),Dry (रुक्ष),Pungent (कटु),Vata↑ Pitta↓ Kapha↓,Good protein source.,,,,,,
Green Pea Flour (हरी मटर आटा),"Cereals,Pulses,Lentils & Legumes",360,26,55,1.5,Astringent (कषाय),Cooling (शीत),Dry (रुक्ष),Pungent (कटु),Vata↑ Pitta↓ Kapha↓,Used in gluten-free dishes.,,,,,,
Cooked Green Pea Flour (पका हरी मटर आटा),"Cereals,Pulses,Lentils & Legumes",132,6,20,0.5,Astringent (कषाय),Cooling (शीत),Light (लघु),Sweet (मधुर),Vata↓ Pitta↓ Kapha↑,Very light and alkaline.,,,,,,
Dry White Lobia (सूखी सफेद लोबिया),"Cereals,Pulses,Lentils & Legumes",338,22.5,61.2,1.3,Astringent (कषाय),Heating (उष्ण),Heavy (गुरु),Pungent (कटु),Vata↑ Pitta↓ Kapha↓,Rich in fiber.,,,,,,
Boiled White Lobia (उबली सफेद लोबिया),"Cereals,Pulses,Lentils & Legumes",138,8.2,24,0.5,Astringent (कषाय),Heating (उष्ण),Light (लघु),Pungent (कटु),Vata↓ Pitta↓ Kapha↓,Light and nutritious.,,,,,,
Dry Red Peas (सूखी लाल मटर),"Cereals,Pulses,Lentils & Legumes",345,22,62,1,Astringent (कषाय),Cooling (शीत),Heavy (गुरु),Sweet (मधुर),Vata↑ Pitta↓ Kapha↓,Good for soups.,,,,,,
Boiled Red Peas (उबली लाल मटर),"Cereals,Pulses,Lentils & Legumes",125,7.5,21,0.4,Astringent (कषाय),Cooling (शीत),Light (लघु),Sweet (मधुर),Vata↓ Pitta↓ Kapha↓,Gentle on digestion.,,,,,,
Roasted Black Chana Flour (भुना काला चना आटा),"Cereals,Pulses,Lentils & Legumes",385,21,58,6,Astringent (कषाय),Heating (उष्ण),Dry (रुक्ष),Pungent (कटु),Vata↑ Pitta↑ Kapha↓,Protein-rich flour.,,,,,,
Peeled Moong Dal (मूंग दाल छिलका उतरा),"Cereals,Pulses,Lentils & Legumes",347,25,63,1.1,Sweet (मधुर),Cooling (शीत),Light (लघु),Sweet (मधुर),Vata↓ Pitta↓ Kapha↓,Most easily digestible dal.,,,,,,
Cooked Peeled Moong (पकी मूंग दाल),"Cereals,Pulses,Lentils & Legumes",110,8,19,0.3,Sweet (मधुर),Cooling (शीत),Light (लघु),Sweet (मधुर),Vata↓ Pitta↓ Kapha↓,Ideal for sick patients.,,,,,,
Dry Red Soybeans (सूखा लाल सोया),"Cereals,Pulses,Lentils & Legumes",446,35,30,19,Astringent (कषाय),Cooling (शीत),Heavy (गुरु),Sweet (मधुर),Vata↑ Pitta↓ Kapha↑,High in protein.,,,,,,
Boiled Red Soybeans (उबला लाल सोया),"Cereals,Pulses,Lentils & Legumes",170,16,10,8,Astringent (कषाय),Cooling (शीत),Heavy (गुरु),Sweet (मधुर),Vata↑ Pitta↓ Kapha↑,High nutrition.,,,,,,
Dry Val Beans (सूखी वल बीन्स),"Cereals,Pulses,Lentils & Legumes",333,22,61,1.2,Astringent (कषाय),Heating (उष्ण),Heavy (गुरु),Pungent (कटु),Vata↑ Pitta↓ Kapha↓,Used in curries.,,,,,,
Boiled Val Beans (उबली वल बीन्स),"Cereals,Pulses,Lentils & Legumes",135,8,22,0.3,Astringent (कषाय),Heating (उष्ण),Light (लघु),Pungent (कटु),Vata↓ Pitta↓ Kapha↓,Easy to digest.,,,,,,
Dry Syrian Lentils (सीरियाई दाल),"Cereals,Pulses,Lentils & Legumes",348,24,60,1.1,Astringent (कषाय),Heating (उष्ण),Dry (रुक्ष),Pungent (कटु),Vata↑ Pitta↓ Kapha↓,Good plant protein.,,,,,,
Boiled Syrian Lentils (उबली सीरियाई दाल),"Cereals,Pulses,Lentils & Legumes",115,9,20,0.4,Astringent (कषाय),Heating (उष्ण),Light (लघु),Pungent (कटु),Vata↓ Pitta↓ Kapha↓,Light digestive.,,,,,,
Dry Romano Beans (सूखे रोमानो बीन्स),"Cereals,Pulses,Lentils & Legumes",338,22.5,60,1.1,Astringent (कषाय),Heating (उष्ण),Heavy (गुरु),Pungent (कटु),Vata↑ Pitta↓ Kapha↓,High fiber.,,,,,,
Boiled Romano Beans (उबले रोमानो बीन्स),"Cereals,Pulses,Lentils & Legumes",140,8.3,23,0.4,Astringent (कषाय),Heating (उष्ण),Light (लघु),Pungent (कटु),Vata↓ Pitta↓ Kapha↓,Soft and easy.,,,,,,
Whole Harbhara (साबुत हरभरा),"Cereals,Pulses,Lentils & Legumes",364,20,61,5.6,Astringent (कषाय),Heating (उष्ण),Dry (रुक्ष),Pungent (कटु),Vata↑ Pitta↑ Kapha↓,Used in flours.,,,,,,
Fresh Green Gram (ताजा हरा मूंग),"Cereals,Pulses,Lentils & Legumes",319,23.5,59,1.4,Sweet (मधुर),Cooling (शीत),Light (लघु),Sweet (मधुर),Vata↓ Pitta↓ Kapha↓,Highly sattvic.,,,,,,
Cooked Green Gram Soup (मूंग सूप),"Cereals,Pulses,Lentils & Legumes",65,5,10,0.2,Sweet (मधुर),Cooling (शीत),Light (लघु),Sweet (मधुर),Vata↓ Pitta↓ Kapha↓,Very light detox food.,,,,,,
Dry Butter Peas (सूखे बटर मटर),"Cereals,Pulses,Lentils & Legumes",348,22,62,1,Astringent (कषाय),Cooling (शीत),Heavy (गुरु),Sweet (मधुर),Vata↑ Pitta↓ Kapha↓,Good for fiber.,,,,,,
Cooked Butter Peas (पकी बटर मटर),"Cereals,Pulses,Lentils & Legumes",125,7,20,0.4,Astringent (कषाय),Cooling (शीत),Light (लघु),Sweet (मधुर),Vata↓ Pitta↓ Kapha↓,"Mild taste, easy digestion.",,,,,,
Dry Turkish Beans (सूखे तुर्की बीन्स),"Cereals,Pulses,Lentils & Legumes",335,22,61,1.3,Astringent (कषाय),Heating (उष्ण),Heavy (गुरु),Pungent (कटु),Vata↑ Pitta↓ Kapha↓,Rich in minerals.,,,,,,
Boiled Turkish Beans (उबले तुर्की बीन्स),"Cereals,Pulses,Lentils & Legumes",138,8,24,0.5,Astringent (कषाय),Heating (उष्ण),Light (लघु),Pungent (कटु),Vata↓ Pitta↓ Kapha↓,Simplifies digestion.,,,,,,
Dry Puy Lentils (सूखी प्यूई दाल),"Cereals,Pulses,Lentils & Legumes",352,26,59,1.2,Astringent (कषाय),Heating (उष्ण),Dry (रुक्ष),Pungent (कटु),Vata↑ Pitta↓ Kapha↓,Mineral-rich lentils.,,,,,,
Boiled Puy Lentils (उबली प्यूई दाल),"Cereals,Pulses,Lentils & Legumes",116,10,20,0.4,Astringent (कषाय),Heating (उष्ण),Light (लघु),Pungent (कटु),Vata↓ Pitta↓ Kapha↓,Soft and light.,,,,,,
Whole Masoor Beans (साबुत मसूर बीन्स),"Cereals,Pulses,Lentils & Legumes",329,25,59,1.3,Astringent (कषाय),Heating (उष्ण),Dry (रुक्ष),Pungent (कटु),Vata↑ Pitta↓ Kapha↓,Good plant protein.,,,,,,
Cooked Masoor Beans (पकी मसूर बीन्स),"Cereals,Pulses,Lentils & Legumes",116,9,20,0.4,Astringent (कषाय),Heating (उष्ण),Light (लघु),Pungent (कटु),Vata↓ Pitta↓ Kapha↓,Very light Dal.,,,,,,
Dry String Beans (सूखी स्ट्रिंग बीन्स),"Cereals,Pulses,Lentils & Legumes",336,22,60,1.2,Astringent (कषाय),Cooling (शीत),Heavy (गुरु),Sweet (मधुर),Vata↑ Pitta↓ Kapha↑,Used in curries.,,,,,,
Cooked String Beans (पकी स्ट्रिंग बीन्स),"Cereals,Pulses,Lentils & Legumes",125,7,20,0.4,Astringent (कषाय),Cooling (शीत),Light (लघु),Sweet (मधुर),Vata↓ Pitta↓ Kapha↑,Very gentle on digestion.,,,,,,
Dry Chickpea Kernels (सूखे चना कोर),"Cereals,Pulses,Lentils & Legumes",362,21,60,6.2,Astringent (कषाय),Heating (उष्ण),Heavy (गुरु),Pungent (कटु),Vata↑ Pitta↑ Kapha↓,Protein-rich legumes.,,,,,,
Cooked Chickpea Kernels (उबले चना कोर),"Cereals,Pulses,Lentils & Legumes",162,8.5,27,2.5,Astringent (कषाय),Heating (उष्ण),Light (लघु),Pungent (कटु),Vata↑ Pitta↓ Kapha↓,Good for salads and meals.,,,,,,
Dry Rosecoco Beans (सूखे रोजकोको बीन्स),"Cereals,Pulses,Lentils & Legumes",335,22.5,61,1.1,Astringent (कषाय),Heating (उष्ण),Heavy (गुरु),Pungent (कटु),Vata↑ Pitta↓ Kapha↓,Rich in minerals.,,,,,,
Boiled Rosecoco Beans (उबले रोजकोको बीन्स),"Cereals,Pulses,Lentils & Legumes",136,8,23,0.4,Astringent (कषाय),Heating (उष्ण),Light (लघु),Pungent (कटु),Vata↓ Pitta↓ Kapha↓,Light and nutritious.,,,,,,
Dry White Beans (सूखे सफेद बीन्स),"Cereals,Pulses,Lentils & Legumes",336,21,62,1,Astringent (कषाय),Cooling (शीत),Heavy (गुरु),Sweet (मधुर),Vata↑ Pitta↓ Kapha↑,High in fiber.,,,,,,
Boiled White Beans (उबले सफेद बीन्स),"Cereals,Pulses,Lentils & Legumes",132,7.5,23,0.4,Astringent (कषाय),Cooling (शीत),Light (लघु),Sweet (मधुर),Vata↓ Pitta↓ Kapha↑,Easy on digestion.,,,,,,
Dry Yellow Peas (सूखी पीली मटर),"Cereals,Pulses,Lentils & Legumes",347,23,62,1.1,Astringent (कषाय),Cooling (शीत),Heavy (गुरु),Sweet (मधुर),Vata↑ Pitta↓ Kapha↓,Good for dal and soups.,,,,,,
Boiled Yellow Peas (उबली पीली मटर),"Cereals,Pulses,Lentils & Legumes",130,8,21,0.4,Astringent (कषाय),Cooling (शीत),Light (लघु),Sweet (मधुर),Vata↓ Pitta↓ Kapha↓,Light nutritious.,,,,,,
Dry Sattur Dal (सूखी सत्तूर दाल),"Cereals,Pulses,Lentils & Legumes",352,24,59,1.2,Astringent (कषाय),Heating (उष्ण),Dry (रुक्ष),Pungent (कटु),Vata↑ Pitta↓ Kapha↓,Used in Tamil cuisine.,,,,,,
Boiled Sattur Dal (पकी सत्तूर दाल),"Cereals,Pulses,Lentils & Legumes",118,9,20,0.5,Astringent (कषाय),Heating (उष्ण),Light (लघु),Pungent (कटु),Vata↓ Pitta↓ Kapha↓,Very light and healthy.,,,,,,
Dry Small Haricot Beans (सूखे छोटे हेरिकॉट बीन्स),"Cereals,Pulses,Lentils & Legumes",334,22,62,1.2,Astringent (कषाय),Cooling (शीत),Heavy (गुरु),Sweet (मधुर),Vata↑ Pitta↓ Kapha↑,Used in stews.,,,,,,
Boiled Small Haricot Beans (उबले छोटे हेरिकॉट बीन्स),"Cereals,Pulses,Lentils & Legumes",136,7.8,23,0.4,Astringent (कषाय),Cooling (शीत),Light (लघु),Sweet (मधुर),Vata↓ Pitta↓ Kapha↑,Good for digestion.,,,,,,
Dry Black Turtle Beans (सूखे काले टर्टल बीन्स),"Cereals,Pulses,Lentils & Legumes",339,21.5,62,1.4,Astringent (कषाय),Heating (उष्ण),Heavy (गुरु),Pungent (कटु),Vata↑ Pitta↓ Kapha↓,High antioxidants.,,,,,,
Boiled Black Turtle Beans (उबले काले टर्टल बीन्स),"Cereals,Pulses,Lentils & Legumes",139,8.5,23,0.4,Astringent (कषाय),Heating (उष्ण),Light (लघु),Pungent (कटु),Vata↓ Pitta↓ Kapha↓,Easier to digest.,,,,,,
Dry Giant Beans (सूखे जायंट बीन्स),"Cereals,Pulses,Lentils & Legumes",335,21,61,1,Astringent (कषाय),Cooling (शीत),Heavy (गुरु),Sweet (मधुर),Vata↑ Pitta↓ Kapha↑,Large-sized legumes.,,,,,,
Boiled Giant Beans (उबले जायंट बीन्स),"Cereals,Pulses,Lentils & Legumes",135,7.5,23,0.4,Astringent (कषाय),Cooling (शीत),Light (लघु),Sweet (मधुर),Vata↓ Pitta↓ Kapha↑,Soft and digestible.,,,,,,
Dry Pink Lentils (सूखी गुलाबी दाल),"Cereals,Pulses,Lentils & Legumes",350,25,59,1.1,Astringent (कषाय),Heating (उष्ण),Dry (रुक्ष),Pungent (कटु),Vata↑ Pitta↓ Kapha↓,High iron content.,,,,,,
Boiled Pink Lentils (उबली गुलाबी दाल),"Cereals,Pulses,Lentils & Legumes",116,9,20,0.4,Astringent (कषाय),Heating (उष्ण),Light (लघु),Pungent (कटु),Vata↓ Pitta↓ Kapha↓,Light and healthy.,,,,,,
Dry White Chori Beans (सूखी सफेद चूरी),"Cereals,Pulses,Lentils & Legumes",341,23,61,1.2,Astringent (कषाय),Heating (उष्ण),Heavy (गुरु),Pungent (कटु),Vata↑ Pitta↓ Kapha↓,Good for varied dishes.,,,,,,
Boiled White Chori Beans (उबली सफेद चूरी),"Cereals,Pulses,Lentils & Legumes",118,7.2,19,0.4,Astringent (कषाय),Heating (उष्ण),Light (लघु),Pungent (कटु),Vata↓ Pitta↓ Kapha↓,Easily digestible.,,,,,,
Dry Lima Beans (सूखी लीमा बीन्स),"Cereals,Pulses,Lentils & Legumes",338,21.4,63.4,0.7,Astringent (कषाय),Cooling (शीत),Heavy (गुरु),Sweet (मधुर),Vata↑ Pitta↓ Kapha↑,High folate content.,,,,,,
Boiled Lima Beans (उबली लीमा बीन्स),"Cereals,Pulses,Lentils & Legumes",134,7.8,23,0.3,Astringent (कषाय),Cooling (शीत),Light (लघु),Sweet (मधुर),Vata↓ Pitta↓ Kapha↑,Good digestion.,,,,,,
Dry Roman Lentils (सूखी रोमन दाल),"Cereals,Pulses,Lentils & Legumes",349,25,59,1.1,Astringent (कषाय),Heating (उष्ण),Dry (रुक्ष),Pungent (कटु),Vata↑ Pitta↓ Kapha↓,Nutrient rich.,,,,,,
Boiled Roman Lentils (उबली रोमन दाल),"Cereals,Pulses,Lentils & Legumes",115,9,20,0.4,Astringent (कषाय),Heating (उष्ण),Light (लघु),Pungent (कटु),Vata↓ Pitta↓ Kapha↓,Very light food.,,,,,,
Dry Broad Field Beans (सूखी चौड़ी फील्ड बीन्स),"Cereals,Pulses,Lentils & Legumes",341,21,58,1.6,Astringent (कषाय),Heating (उष्ण),Heavy (गुरु),Pungent (कटु),Vata↑ Pitta↓ Kapha↑,High fiber.,,,,,,
Boiled Broad Field Beans (उबली चौड़ी फील्ड बीन्स),"Cereals,Pulses,Lentils & Legumes",137,8,22,0.4,Astringent (कषाय),Heating (उष्ण),Light (लघु),Pungent (कटु),Vata↓ Pitta↓ Kapha↓,Digestible.,,,,,,
Dry Pigeon Peas (सूखा अरहर),"Cereals,Pulses,Lentils & Legumes",343,22,57,1.7,Sweet Astringent (मधुर कषाय),Heating (उष्ण),Light (लघु),Sweet (मधुर),Vata↑ Pitta↑ Kapha↓,High fiber dal.,,,,,,
Cooked Pigeon Peas (पका अरहर),"Cereals,Pulses,Lentils & Legumes",125,8.9,20,0.5,Sweet (मधुर),Heating (उष्ण),Light (लघु),Sweet (मधुर),Vata↓ Pitta↓ Kapha↓,Very light digestion.,,,,,,
Dry Kidney Peas (सूखे किडनी मटर),"Cereals,Pulses,Lentils & Legumes",338,21.5,62,1.2,Astringent (कषाय),Heating (उष्ण),Heavy (गुरु),Pungent (कटु),Vata↑ Pitta↓ Kapha↓,Rich in minerals.,,,,,,
Boiled Kidney Peas (उबले किडनी मटर),"Cereals,Pulses,Lentils & Legumes",136,7.8,23,0.4,Astringent (कषाय),Heating (उष्ण),Light (लघु),Pungent (कटु),Vata↓ Pitta↓ Kapha↓,Good for digestion.,,,,,,
Dry Bengal Gram Flour (सूखा चना आटा),"Cereals,Pulses,Lentils & Legumes",387,22,57,6.6,Astringent (कषाय),Heating (उष्ण),Dry (रुक्ष),Pungent (कटु),Vata↑ Pitta↑ Kapha↓,Used in sweets and snacks.,,,,,,
Boiled Bengal Gram Flour Mix (उबला बेसन मिश्रण),"Cereals,Pulses,Lentils & Legumes",150,7,22,3,Astringent (कषाय),Heating (उष्ण),Light (लघु),Pungent (कटु),Vata↓ Pitta↓ Kapha↓,Lighter digestion.,,,,,,
Dry Red Gram Flour (सूखा अरहर आटा),"Cereals,Pulses,Lentils & Legumes",356,20,58,2.5,Sweet Astringent (मधुर कषाय),Heating (उष्ण),Dry (रुक्ष),Sweet (मधुर),Vata↑ Pitta↑ Kapha↓,Good for protein.,,,,,,
Boiled Red Gram Flour Mix (उबला अरहर आटा मिश्रण),"Cereals,Pulses,Lentils & Legumes",147,8,23,1,Sweet (मधुर),Heating (उष्ण),Light (लघु),Sweet (मधुर),Vata↓ Pitta↓ Kapha↓,Very light.,,,,,,
Dry Green Pea Split Dal (सूखी हरी मटर दाल),"Cereals,Pulses,Lentils & Legumes",349,25,61,1.1,Astringent (कषाय),Cooling (शीत),Light (लघु),Sweet (मधुर),Vata↑ Pitta↓ Kapha↓,Popular in soups.,,,,,,
Boiled Green Pea Dal (उबली हरी मटर दाल),"Cereals,Pulses,Lentils & Legumes",132,6.5,20,0.5,Astringent (कषाय),Cooling (शीत),Light (लघु),Sweet (मधुर),Vata↓ Pitta↓ Kapha↓,Gentle on stomach.,,,,,,
Dry Red Lentil Flour (सूखा लाल मसूर आटा),"Cereals,Pulses,Lentils & Legumes",352,26,57,1.3,Astringent (कषाय),Heating (उष्ण),Dry (रुक्ष),Pungent (कटु),Vata↑ Pitta↓ Kapha↓,Good for diabetic diets.,,,,,,
Boiled Red Lentil Flour Mix (उबली मसूर आटा मिश्रण),"Cereals,Pulses,Lentils & Legumes",148,8.5,22.5,0.5,Astringent (कषाय),Heating (उष्ण),Light (लघु),Pungent (कटु),Vata↓ Pitta↓ Kapha↓,Soft texture.,,,,,,
Dry Kabuli Dal (सूखी काबुली दाल),"Cereals,Pulses,Lentils & Legumes",360,19,60.5,6.2,Astringent (कषाय),Heating (उष्ण),Heavy (गुरु),Pungent (कटु),Vata↑ Pitta↑ Kapha↓,Rich in protein.,,,,,,
Boiled Kabuli Dal (उबली काबुली दाल),"Cereals,Pulses,Lentils & Legumes",168,9,27,3,Astringent (कषाय),Heating (उष्ण),Light (लघु),Pungent (कटु),Vata↑ Pitta↓ Kapha↓,Great for salads.,,,,,,
Dry White Chickpea Kernels (सूखे सफेद चना कोर),"Cereals,Pulses,Lentils & Legumes",366,18.5,61,6,Astringent (कषाय),Heating (उष्ण),Heavy (गुरु),Pungent (कटु),Vata↑ Pitta↑ Kapha↓,Used in dals and flours.,,,,,,
Boiled White Chickpea Kernels (उबले सफेद चना कोर),"Cereals,Pulses,Lentils & Legumes",160,8.2,26,2.4,Astringent (कषाय),Heating (उष्ण),Light (लघु),Pungent (कटु),Vata↑ Pitta↓ Kapha↓,Rich in minerals.,,,,,,
Dry Brown Lentils Split (सूखी भूरी मसूर दाल),"Cereals,Pulses,Lentils & Legumes",352,24.8,60,1.1,Astringent (कषाय),Heating (उष्ण),Dry (रुक्ष),Pungent (कटु),Vata↑ Pitta↓ Kapha↓,Nutritious dal.,,,,,,
Boiled Brown Lentils Split (उबली भूरी मसूर दाल),"Cereals,Pulses,Lentils & Legumes",121,9,21,0.4,Astringent (कषाय),Heating (उष्ण),Light (लघु),Pungent (कटु),Vata↓ Pitta↓ Kapha↓,Light and soft texture.,,,,,,
Dry Chora Dal (सूखी चोरा दाल),"Cereals,Pulses,Lentils & Legumes",346,23,61,1.2,Astringent (कषाय),Heating (उष्ण),Heavy (गुरु),Pungent (कटु),Vata↑ Pitta↓ Kapha↓,Used in Gujarati cuisine.,,,,,,
Boiled Chora Dal (उबली चोरा दाल),"Cereals,Pulses,Lentils & Legumes",137,7.5,23,0.5,Astringent (कषाय),Heating (उष्ण),Light (लघु),Pungent (कटु),Vata↓ Pitta↓ Kapha↓,Great for digestion.,,,,,,
Dry Soy Daliya (सूखा सोया दलिया),"Cereals,Pulses,Lentils & Legumes",345,45,33,1,Astringent (कषाय),Cooling (शीत),Heavy (गुरु),Sweet (मधुर),Vata↑ Pitta↓ Kapha↑,Very high-protein cereal.,,,,,,
Cooked Soy Daliya (पका सोया दलिया),"Cereals,Pulses,Lentils & Legumes",155,18,20,1.5,Astringent (कषाय),Cooling (शीत),Heavy (गुरु),Sweet (मधुर),Vata↑ Pitta↓ Kapha↑,Good for athletes.,,,,,,
Dry Green Pigeon Peas (सूखी हरी अरहर),"Cereals,Pulses,Lentils & Legumes",342,22,56,1.8,Sweet Astringent (मधुर कषाय),Heating (उष्ण),Light (लघु),Sweet (मधुर),Vata↑ Pitta↑ Kapha↓,Globally used legume.,,,,,,
Boiled Green Pigeon Peas (उबली हरी अरहर),"Cereals,Pulses,Lentils & Legumes",124,8.8,20,0.5,Sweet (मधुर),Heating (उष्ण),Light (लघु),Sweet (मधुर),Vata↓ Pitta↓ Kapha↓,Very soft texture.,,,,,,
Dry White Peas Split (सूखी सफेद मटर दाल),"Cereals,Pulses,Lentils & Legumes",347,24,62,1.2,Astringent (कषाय),Cooling (शीत),Light (लघु),Sweet (मधुर),Vata↑ Pitta↓ Kapha↓,Commonly used in curries.,,,,,,
Boiled White Peas Split (उबली सफेद मटर दाल),"Cereals,Pulses,Lentils & Legumes",132,7.2,20,0.4,Astringent (कषाय),Cooling (शीत),Light (लघु),Sweet (मधुर),Vata↓ Pitta↓ Kapha↓,Highly digestible.,,,,,,
Dry Brown Chickpeas Split (सूखी भूरी चना दाल),"Cereals,Pulses,Lentils & Legumes",360,20.8,62,5.6,Astringent (कषाय),Heating (उष्ण),Dry (रुक्ष),Pungent (कटु),Vata↑ Pitta↑ Kapha↓,Used in traditional dishes.,,,,,,
Boiled Brown Chickpeas Split (उबली भूरी चना दाल),"Cereals,Pulses,Lentils & Legumes",148,8.5,22,2,Astringent (कषाय),Heating (उष्ण),Light (लघु),Pungent (कटु),Vata↓ Pitta↓ Kapha↓,Great for digestive health.,,,,,,
Dry Yellow Lentil Dal (सूखी पीली दाल),"Cereals,Pulses,Lentils & Legumes",330,24,62,1.5,Sweet Astringent (मधुर कषाय) ,Cooling (शीत),Light (लघु),Sweet (मधुर),Vata↓ Pitta↓ Kapha↓,Very mild in taste.,,,,,,
Boiled Yellow Lentil Dal (उबली पीली दाल),"Cereals,Pulses,Lentils & Legumes",116,8,20,0.4,Sweet (मधुर),Cooling (शीत),Light (लघु),Sweet (मधुर),Vata↓ Pitta↓ Kapha↓,Ideal for children and elders.,,,,,,
Dry Green Lentil Flour (सूखा हरा मसूर आटा),"Cereals,Pulses,Lentils & Legumes",350,25,58,1.5,Astringent (कषाय),Heating (उष्ण),Dry (रुक्ष),Pungent (कटु),Vata↑ Pitta↓ Kapha↓,Used in premium recipes.,,,,,,
Boiled Green Lentil Flour Mix (उबला हरा मसूर मिश्रण),"Cereals,Pulses,Lentils & Legumes",140,8,20,0.5,Astringent (कषाय),Heating (उष्ण),Light (लघु),Pungent (कटु),Vata↓ Pitta↓ Kapha↓,Very soft texture.,,,,,,
Dry Great Northern Beans (सूखे ग्रेट नॉर्दर्न बीन्स),"Cereals,Pulses,Lentils & Legumes",345,21,62,1.3,Astringent (कषाय),Cooling (शीत),Heavy (गुरु),Sweet (मधुर),Vata↑ Pitta↓ Kapha↑,Mild flavor; rich in minerals.,,,,,,
Boiled Great Northern Beans (उबले ग्रेट नॉर्दर्न बीन्स),"Cereals,Pulses,Lentils & Legumes",136,8.3,23,0.4,Astringent (कषाय),Cooling (शीत),Light (लघु),Sweet (मधुर),Vata↓ Pitta↓ Kapha↑,Light and filling.,,,,,,
Dry Roman Beans (सूखे रोमन बीन्स),"Cereals,Pulses,Lentils & Legumes",336,21.5,61,1,Astringent (कषाय),Heating (उष्ण),Heavy (गुरु),Pungent (कटु),Vata↑ Pitta↓ Kapha↓,Common in European cuisine.,,,,,,
Boiled Roman Beans (उबले रोमन बीन्स),"Cereals,Pulses,Lentils & Legumes",135,7.9,22.5,0.3,Astringent (कषाय),Heating (उष्ण),Light (लघु),Pungent (कटु),Vata↓ Pitta↓ Kapha↓,Gentle on the stomach.,,,,,,
Dry Red Gram Flour (अरहर आटा),"Cereals,Pulses,Lentils & Legumes",345,22,58,1.5,Sweet Astringent (मधुर कषाय),Heating (उष्ण),Light (लघु),Sweet (मधुर),Vata↑ Pitta↑ Kapha↓,Used for protein-rich dishes.,,,,,,
Roasted Gram Flour (भुना चना आटा),"Cereals,Pulses,Lentils & Legumes",385,21,57,6,Astringent (कषाय),Heating (उष्ण),Dry (रुक्ष),Pungent (कटु),Vata↑ Pitta↑ Kapha↓,Light and aromatic.,,,,,,
Whole Brown Chana (साबुत भूरा चना),"Cereals,Pulses,Lentils & Legumes",360,20,62,5,Astringent (कषाय),Heating (उष्ण),Dry (रुक्ष),Pungent (कटु),Vata↑ Pitta↑ Kapha↓,Fiber-rich and nutritious.,,,,,,
Cooked Brown Chana (पका भूरा चना),"Cereals,Pulses,Lentils & Legumes",165,9,27,2.4,Astringent (कषाय),Heating (उष्ण),Light (लघु),Pungent (कटु),Vata↑ Pitta↓ Kapha↓,Popular in Indian diets.,,,,,,
Dry Lentil Flour (मसूर आटा),"Cereals,Pulses,Lentils & Legumes",355,27,59,1.5,Astringent (कषाय),Heating (उष्ण),Dry (रुक्ष),Pungent (कटु),Vata↑ Pitta↓ Kapha↓,Used in baked items.,,,,,,
Cooked Lentil Flour (पका मसूर आटा),"Cereals,Pulses,Lentils & Legumes",118,8,20,0.5,Astringent (कषाय),Heating (उष्ण),Light (लघु),Pungent (कटु),Vata↓ Pitta↓ Kapha↓,Very easy digestion.,,,,,,
Dry Lima Beans (सूखे लीमा बीन्स),"Cereals,Pulses,Lentils & Legumes",338,21.4,63.4,0.7,Astringent (कषाय),Cooling (शीत),Heavy (गुरु),Sweet (मधुर),Vata↑ Pitta↓ Kapha↑,Creamy texture.,,,,,,
Boiled Lima Beans (उबले लीमा बीन्स),"Cereals,Pulses,Lentils & Legumes",115,7.8,20,0.3,Astringent (कषाय),Cooling (शीत),Light (लघु),Sweet (मधुर),Vata↓ Pitta↓ Kapha↑,Great for soups.,,,,,,
Dry Turtle Beans (सूखे टर्टल बीन्स),"Cereals,Pulses,Lentils & Legumes",344,21.5,62,1.2,Astringent (कषाय),Heating (उष्ण),Heavy (गुरु),Pungent (कटु),Vata↑ Pitta↓ Kapha↓,Dense protein food.,,,,,,
Boiled Turtle Beans (उबले टर्टल बीन्स),"Cereals,Pulses,Lentils & Legumes",132,8.5,23,0.3,Astringent (कषाय),Heating (उष्ण),Light (लघु),Pungent (कटु),Vata↓ Pitta↓ Kapha↓,Highly digestible.,,,,,,
Dry Cranberry Peas (सूखे क्रैनबेरी मटर),"Cereals,Pulses,Lentils & Legumes",345,23,61,1,Astringent (कषाय),Cooling (शीत),Heavy (गुरु),Sweet (मधुर),Vata↑ Pitta↓ Kapha↓,High iron content.,,,,,,
Boiled Cranberry Peas (उबले क्रैनबेरी मटर),"Cereals,Pulses,Lentils & Legumes",138,7.9,23.5,0.4,Astringent (कषाय),Cooling (शीत),Light (लघु),Sweet (मधुर),Vata↓ Pitta↓ Kapha↑,Very light and mild flavor.,,,,,,
Dry Kidney Peas (सूखे किडनी मटर),"Cereals,Pulses,Lentils & Legumes",345,23.2,62,1.1,Astringent (कषाय),Heating (उष्ण),Heavy (गुरु),Pungent (कटु),Vata↑ Pitta↓ Kapha↓,Energy-dense.,,,,,,
Boiled Kidney Peas (उबले किडनी मटर),"Cereals,Pulses,Lentils & Legumes",130,8.2,22,0.4,Astringent (कषाय),Heating (उष्ण),Light (लघु),Pungent (कटु),Vata↓ Pitta↓ Kapha↓,"Soft texture, good for digestion.",,,,,,
Dry White Beans (सूखी सफेद बीन्स),"Cereals,Pulses,Lentils & Legumes",336,22,61,1,Astringent (कषाय),Cooling (शीत),Heavy (गुरु),Sweet (मधुर),Vata↑ Pitta↓ Kapha↑,Rich in potassium.,,,,,,
Boiled White Beans (उबली सफेद बीन्स),"Cereals,Pulses,Lentils & Legumes",134,7.8,23.5,0.5,Astringent (कषाय),Cooling (शीत),Light (लघु),Sweet (मधुर),Vata↓ Pitta↓ Kapha↑,Soft and mild flavor.,,,,,,
Dry Flageolet Beans (सूखे फ्लाजोलेट बीन्स),"Cereals,Pulses,Lentils & Legumes",337,22.5,61,1.1,Astringent (कषाय),Heating (उष्ण),Heavy (गुरु),Pungent (कटु),Vata↑ Pitta↓ Kapha↓,Light green European bean.,,,,,,
Boiled Flageolet Beans (उबले फ्लाजोलेट बीन्स),"Cereals,Pulses,Lentils & Legumes",131,8,22,0.3,Astringent (कषाय),Heating (उष्ण),Light (लघु),Pungent (कटु),Vata↓ Pitta↓ Kapha↓,Soft and easy to cook.,,,,,,
Dry Red Soybeans (सूखे लाल सोया),"Cereals,Pulses,Lentils & Legumes",450,36,30,20,Astringent (कषाय),Cooling (शीत),Heavy (गुरु),Sweet (मधुर),Vata↑ Pitta↓ Kapha↑,Richer than yellow soybean.,,,,,,
Boiled Red Soybeans (उबले लाल सोया),"Cereals,Pulses,Lentils & Legumes",175,17,11,8.5,Astringent (कषाय),Cooling (शीत),Heavy (गुरु),Sweet (मधुर),Vata↑ Pitta↓ Kapha↑,Good for muscle building.,,,,,,
Black Gram Flour (काली उड़द आटा),"Cereals,Pulses,Lentils & Legumes",357,25,59,1.5,Sweet (मधुर),Heating (उष्ण),Heavy (गुरु),Sweet (मधुर),Vata↑ Pitta↑ Kapha↑,Used in dosas & papads.,,,,,,
Cooked Black Gram Flour (पका काली उड़द आटा),"Cereals,Pulses,Lentils & Legumes",124,8,21,0.5,Sweet (मधुर),Heating (उष्ण),Light (लघु),Sweet (मधुर),Vata↓ Pitta↑ Kapha↓,Better digestibility.,,,,,,
Dry Wax Beans (सूखे वैक्स बीन्स),"Cereals,Pulses,Lentils & Legumes",334,21,61.5,0.8,Astringent (कषाय),Cooling (शीत),Heavy (गुरु),Sweet (मधुर),Vata↑ Pitta↓ Kapha↑,High mineral content.,,,,,,
Boiled Wax Beans (उबले वैक्स बीन्स),"Cereals,Pulses,Lentils & Legumes",126,7.5,21,0.3,Astringent (कषाय),Cooling (शीत),Light (लघु),Sweet (मधुर),Vata↓ Pitta↓ Kapha↑,Soft and gentle on digestion.,,,,,,
Dry Yellow Peas (सूखी पीली मटर),"Cereals,Pulses,Lentils & Legumes",348,22.8,62,1,Astringent (कषाय),Cooling (शीत),Light (लघु),Sweet (मधुर),Vata↑ Pitta↓ Kapha↓,Good for soups.,,,,,,
Boiled Yellow Peas (उबली पीली मटर),"Cereals,Pulses,Lentils & Legumes",132,7,20,0.4,Astringent (कषाय),Cooling (शीत),Light (लघु),Sweet (मधुर),Vata↓ Pitta↓ Kapha↓,Easy to digest.,,,,,,
Dry Brown Beans (सूखे ब्राउन बीन्स),"Cereals,Pulses,Lentils & Legumes",339,22,62,1.1,Astringent (कषाय),Heating (उष्ण),Heavy,Pungent,Vata↑ Pitta↓ Kapha↓,Good protein source.,,,,,,
Boiled Brown Beans (उबले ब्राउन बीन्स),"Cereals,Pulses,Lentils & Legumes",138,8,23,0.4,Astringent (कषाय),Heating,Light,Pungent,Vata↓ Pitta↓ Kapha↓,Easy digestibility.,,,,,,
Dry Pink Beans (सूखे गुलाबी बीन्स),"Cereals,Pulses,Lentils & Legumes",345,23.5,60,1.2,Astringent (कषाय),Cooling,Heavy,Sweet,Vata↑ Pitta↓ Kapha↑,Rich color beans.,,,,,,
Boiled Pink Beans (उबले गुलाबी बीन्स),"Cereals,Pulses,Lentils & Legumes",140,8.4,23,0.5,Astringent,Cooling,Light,Sweet,Vata↓ Pitta↓ Kapha↑,Good for soups.,,,,,,
Dry Speckled Beans (सूखे स्पेकल्ड बीन्स),"Cereals,Pulses,Lentils & Legumes",342,22,61,1,Astringent,Heating,Heavy,Pungent,Vata↑ Pitta↓ Kapha↓,"Colorful, nutritious.",,,,,,
Boiled Speckled Beans (उबले स्पेकल्ड बीन्स),"Cereals,Pulses,Lentils & Legumes",137,7.8,22,0.3,Astringent,Heating,Light,Pungent,Vata↓ Pitta↓ Kapha↓,Soft texture.,,,,,,
Dry Pastel Beans (सूखे पेस्टल बीन्स),"Cereals,Pulses,Lentils & Legumes",338,22,60,1,Astringent,Heating,Heavy,Pungent,Vata↑ Pitta↓ Kapha↓,Rich in minerals.,,,,,,
Boiled Pastel Beans (उबले पेस्टल बीन्स),"Cereals,Pulses,Lentils & Legumes",135,8,21,0.3,Astringent,Heating,Light,Pungent,Vata↓ Pitta↓ Kapha↓,Smooth consistency.,,,,,,
Dry Marrow Beans (सूखे मैरो बीन्स),"Cereals,Pulses,Lentils & Legumes",340,22.2,60.8,1.1,Astringent,Cooling,Heavy,Sweet,Vata↑ Pitta↓ Kapha↑,Mild flavor.,,,,,,
Boiled Marrow Beans (उबले मैरो बीन्स),"Cereals,Pulses,Lentils & Legumes",136,7.9,22.5,0.3,Astringent,Cooling,Light,Sweet,Vata↓ Pitta↓ Kapha↑,"Soft, easy digestion.",,,,,,
Dry Yellow Lentils (सूखी पीली दाल),"Cereals,Pulses,Lentils & Legumes",332,24,62,1.2,Sweet Astringent (मधुर कषाय),Cooling,Light,Sweet,Vata↓ Pitta↓ Kapha↓,Very versatile.,,,,,,
Boiled Yellow Lentils (उबली पीली दाल),"Cereals,Pulses,Lentils & Legumes",120,9,20,0.4,Sweet,Cooling,Light,Sweet,Vata↓ Pitta↓ Kapha↓,Easy on stomach.,,,,,,
Dry Rainbow Beans (सूखे रेनबो बीन्स),"Cereals,Pulses,Lentils & Legumes",343,21,62,1.2,Astringent,Heating,Heavy,Pungent,Vata↑ Pitta↓ Kapha↓,Colorful appearance.,,,,,,
Boiled Rainbow Beans (उबले रेनबो बीन्स),"Cereals,Pulses,Lentils & Legumes",136,8,23,0.4,Astringent,Heating,Light,Pungent,Vata↓ Pitta↓ Kapha↓,Good in salads.,,,,,,
Dry Cranberry Lentils (सूखी क्रैनबेरी दाल),"Cereals,Pulses,Lentils & Legumes",330,25,59,1.1,Astringent,Heating,Light,Pungent,Vata↑ Pitta↓ Kapha↓,Good plant protein.,,,,,,
Boiled Cranberry Lentils (उबली क्रैनबेरी दाल),"Cereals,Pulses,Lentils & Legumes",115,8,19,0.4,Astringent,Heating,Light,Pungent,Vata↓ Pitta↓ Kapha↓,Very easily digestible.,,,,,,
Dry Pat Kidney Beans (सूखे पैट राजमा),"Cereals,Pulses,Lentils & Legumes",338,22,61,1.1,Astringent,Heating,Heavy,Pungent,Vata↑ Pitta↓ Kapha↓,Good protein density.,,,,,,
Boiled Pat Kidney Beans (उबले पैट राजमा),"Cereals,Pulses,Lentils & Legumes",134,8,22,0.4,Astringent,Heating,Light,Pungent,Vata↓ Pitta↓ Kapha↓,Better digestibility.,,,,,,
Dry Pinto Peas (सूखे पिंटो मटर),"Cereals,Pulses,Lentils & Legumes",346,22,63,1,Astringent,Cooling,Heavy,Sweet,Vata↑ Pitta↓ Kapha↑,High in minerals.,,,,,,
Boiled Pinto Peas (उबले पिंटो मटर),"Cereals,Pulses,Lentils & Legumes",132,7.5,22,0.3,Astringent,Cooling,Light,Sweet,Vata↓ Pitta↓ Kapha↑,Soft and mild.,,,,,,
Dry Garden Peas (सूखे गार्डन मटर),"Cereals,Pulses,Lentils & Legumes",346,23,62,1.2,Astringent,Cooling,Light,Sweet,Vata↑ Pitta↓ Kapha↓,Great for soups.,,,,,,
Boiled Garden Peas (उबले गार्डन मटर),"Cereals,Pulses,Lentils & Legumes",130,7,20,0.4,Astringent,Cooling,Light,Sweet,Vata↓ Pitta↓ Kapha↑,Easy digestion.,,,,,,
Dry Royal Beans (सूखे रॉयल बीन्स),"Cereals,Pulses,Lentils & Legumes",342,22.5,61,1.3,Astringent,Heating,Heavy,Pungent,Vata↑ Pitta↓ Kapha↓,Large bean variety.,,,,,,
Boiled Royal Beans (उबले रॉयल बीन्स),"Cereals,Pulses,Lentils & Legumes",138,8.3,22.5,0.5,Astringent,Heating,Light,Pungent,Vata↓ Pitta↓ Kapha↓,Soft after cooking.,,,,,,
Dry Sunset Beans (सूखे सनसेट बीन्स),"Cereals,Pulses,Lentils & Legumes",337,21,61.5,1.2,Astringent,Cooling,Heavy,Sweet,Vata↑ Pitta↓ Kapha↑,Vibrant bean type.,,,,,,
Boiled Sunset Beans (उबले सनसेट बीन्स),"Cereals,Pulses,Lentils & Legumes",136,7.7,22,0.3,Astringent,Cooling,Light,Sweet,Vata↓ Pitta↓ Kapha↑,Smooth digestion.,,,,,,
Dry Purple Gram (सूखा बैंगनी ग्राम),"Cereals,Pulses,Lentils & Legumes",350,24,59.5,1.3,Astringent,Heating,Heavy,Pungent,Vata↑ Pitta↓ Kapha↓,Rich in antioxidants.,,,,,,
Boiled Purple Gram (उबला बैंगनी ग्राम),"Cereals,Pulses,Lentils & Legumes",128,8,21,0.4,Astringent,Heating,Light,Pungent,Vata↓ Pitta↓ Kapha↓,Gentle eating.,,,,,,
Dry Red Matki Beans (सूखे लाल मटकी),"Cereals,Pulses,Lentils & Legumes",340,23,60,1,Astringent,Heating,Light,Pungent,Vata↑ Pitta↓ Kapha↓,Strengthening.,,,,,,
Boiled Red Matki Beans (उबले लाल मटकी),"Cereals,Pulses,Lentils & Legumes",122,7.2,20,0.3,Astringent,Heating,Light,Pungent,Vata↓ Pitta↓ Kapha↓,Light meal option.,,,,,,
Dry Buffalo Beans (सूखे भैंस बीन्स),"Cereals,Pulses,Lentils & Legumes",338,21.5,62,1.1,Astringent,Heating,Heavy,Pungent,Vata↑ Pitta↓ Kapha↓,Dense variety.,,,,,,
Boiled Buffalo Beans (उबले भैंस बीन्स),"Cereals,Pulses,Lentils & Legumes",134,8,22,0.4,Astringent,Heating,Light,Pungent,Vata↓ Pitta↓ Kapha↓,Soft and filling.,,,,,,
Dry White Lentil Flour (सफेद दाल आटा),"Cereals,Pulses,Lentils & Legumes",354,26,58,1.4,Astringent,Heating,Light,Pungent,Vata↑ Pitta↓ Kapha↓,Useful in baking.,,,,,,
,,,,,,,,,,,,,,,,,
,,,,,,,,,,,,,,,,,
,,,,,,,,,,,,,,,,,
,,,,,,,,,,,,,,,,,
,,,,,,,,,,,,,,,,,
,,,,,,,,,,,,,,,,,
,,,,,,,,,,,,,,,,,
,,,,,,,,,,,,,,,,,
,,,,,,,,,,,,,,,,,
,,,,,,,,,,,,,,,,,
,,,,,,,,,,,,,,,,,
,,,,,,,,,,,,,,,,,
,,,,,,,,,,,,,,,,,
,,,,,,,,,,,,,,,,,
,,,,,,,,,,,,,,,,,
,,,,,,,,,,,,,,,,,
,,,,,,,,,,,,,,,,,
,,,,,,,,,,,,,,,,,
,,,,,,,,,,,,,,,,,
,,,,,,,,,,,,,,,,,
,,,,,,,,,,,,,,,,,
,,,,,,,,,,,,,,,,,
,,,,,,,,,,,,,,,,,
,,,,,,,,,,,,,,,,,
,,,,,,,,,,,,,,,,,
,,,,,,,,,,,,,,,,,
,,,,,,,,,,,,,,,,,
,,,,,,,,,,,,,,,,,
,,,,,,,,,,,,,,,,,
,,,,,,,,,,,,,,,,,
,,,,,,,,,,,,,,,,,
,,,,,,,,,,,,,,,,,
,,,,,,,,,,,,,,,,,
,,,,,,,,,,,,,,,,,
,,,,,,,,,,,,,,,,,
,,,,,,,,,,,,,,,,,
,,,,,,,,,,,,,,,,,
,,,,,,,,,,,,,,,,,
,,,,,,,,,,,,,,,,,
,,,,,,,,,,,,,,,,,
,,,,,,,,,,,,,,,,,
,,,,,,,,,,,,,,,,,
,,,,,,,,,,,,,,,,,
,,,,,,,,,,,,,,,,,
,,,,,,,,,,,,,,,,,
,,,,,,,,,,,,,,,,,
,,,,,,,,,,,,,,,,,
,,,,,,,,,,,,,,,,,
,,,,,,,,,,,,,,,,,
,,,,,,,,,,,,,,,,,
,,,,,,,,,,,,,,,,,
,,,,,,,,,,,,,,,,,
,,,,,,,,,,,,,,,,,
,,,,,,,,,,,,,,,,,
,,,,,,,,,,,,,,,,,
,,,,,,,,,,,,,,,,,
,,,,,,,,,,,,,,,,,
,,,,,,,,,,,,,,,,,
,,,,,,,,,,,,,,,,,
,,,,,,,,,,,,,,,,,
,,,,,,,,,,,,,,,,,
,,,,,,,,,,,,,,,,,
,,,,,,,,,,,,,,,,,
,,,,,,,,,,,,,,,,,
,,,,,,,,,,,,,,,,,
,,,,,,,,,,,,,,,,,
,,,,,,,,,,,,,,,,,
,,,,,,,,,,,,,,,,,
,,,,,,,,,,,,,,,,,
,,,,,,,,,,,,,,,,,
,,,,,,,,,,,,,,,,,
,,,,,,,,,,,,,,,,,
,,,,,,,,,,,,,,,,,
,,,,,,,,,,,,,,,,,
,,,,,,,,,,,,,,,,,
,,,,,,,,,,,,,,,,,
,,,,,,,,,,,,,,,,,
,,,,,,,,,,,,,,,,,
,,,,,,,,,,,,,,,,,
,,,,,,,,,,,,,,,,,
,,,,,,,,,,,,,,,,,
,,,,,,,,,,,,,,,,,
,,,,,,,,,,,,,,,,,
,,,,,,,,,,,,,,,,,
,,,,,,,,,,,,,,,,,
,,,,,,,,,,,,,,,,,
,,,,,,,,,,,,,,,,,
,,,,,,,,,,,,,,,,,
,,,,,,,,,,,,,,,,,
,,,,,,,,,,,,,,,,,
,,,,,,,,,,,,,,,,,
,,,,,,,,,,,,,,,,,
,,,,,,,,,,,,,,,,,
,,,,,,,,,,,,,,,,,
,,,,,,,,,,,,,,,,,
,,,,,,,,,,,,,,,,,
,,,,,,,,,,,,,,,,,
,,,,,,,,,,,,,,,,,
,,,,,,,,,,,,,,,,,
,,,,,,,,,,,,,,,,,
,,,,,,,,,,,,,,,,,
,,,,,,,,,,,,,,,,,
,,,,,,,,,,,,,,,,,
,,,,,,,,,,,,,,,,,
,,,,,,,,,,,,,,,,,
,,,,,,,,,,,,,,,,,
,,,,,,,,,,,,,,,,,
,,,,,,,,,,,,,,,,,
,,,,,,,,,,,,,,,,,
,,,,,,,,,,,,,,,,,
,,,,,,,,,,,,,,,,,
,,,,,,,,,,,,,,,,,
,,,,,,,,,,,,,,,,,
,,,,,,,,,,,,,,,,,
,,,,,,,,,,,,,,,,,
,,,,,,,,,,,,,,,,,
,,,,,,,,,,,,,,,,,
,,,,,,,,,,,,,,,,,
,,,,,,,,,,,,,,,,,
,,,,,,,,,,,,,,,,,
,,,,,,,,,,,,,,,,,
,,,,,,,,,,,,,,,,,
,,,,,,,,,,,,,,,,,
,,,,,,,,,,,,,,,,,
,,,,,,,,,,,,,,,,,
,,,,,,,,,,,,,,,,,
,,,,,,,,,,,,,,,,,
,,,,,,,,,,,,,,,,,
,,,,,,,,,,,,,,,,,
,,,,,,,,,,,,,,,,,
,,,,,,,,,,,,,,,,,
,,,,,,,,,,,,,,,,,
,,,,,,,,,,,,,,,,,
,,,,,,,,,,,,,,,,,
,,,,,,,,,,,,,,,,,
,,,,,,,,,,,,,,,,,
,,,,,,,,,,,,,,,,,
,,,,,,,,,,,,,,,,,
,,,,,,,,,,,,,,,,,
,,,,,,,,,,,,,,,,,
,,,,,,,,,,,,,,,,,
,,,,,,,,,,,,,,,,,
,,,,,,,,,,,,,,,,,
,,,,,,,,,,,,,,,,,
,,,,,,,,,,,,,,,,,
,,,,,,,,,,,,,,,,,
,,,,,,,,,,,,,,,,,
,,,,,,,,,,,,,,,,,
,,,,,,,,,,,,,,,,,
,,,,,,,,,,,,,,,,,
,,,,,,,,,,,,,,,,,
,,,,,,,,,,,,,,,,,
,,,,,,,,,,,,,,,,,
,,,,,,,,,,,,,,,,,
,,,,,,,,,,,,,,,,,
,,,,,,,,,,,,,,,,,
,,,,,,,,,,,,,,,,,
,,,,,,,,,,,,,,,,,
,,,,,,,,,,,,,,,,,
,,,,,,,,,,,,,,,,,
,,,,,,,,,,,,,,,,,
,,,,,,,,,,,,,,,,,
,,,,,,,,,,,,,,,,,
,,,,,,,,,,,,,,,,,
,,,,,,,,,,,,,,,,,
,,,,,,,,,,,,,,,,,
,,,,,,,,,,,,,,,,,
,,,,,,,,,,,,,,,,,
,,,,,,,,,,,,,,,,,
,,,,,,,,,,,,,,,,,
,,,,,,,,,,,,,,,,,
,,,,,,,,,,,,,,,,,
,,,,,,,,,,,,,,,,,
,,,,,,,,,,,,,,,,,
,,,,,,,,,,,,,,,,,
,,,,,,,,,,,,,,,,,
,,,,,,,,,,,,,,,,,
,,,,,,,,,,,,,,,,,
,,,,,,,,,,,,,,,,,
,,,,,,,,,,,,,,,,,
,,,,,,,,,,,,,,,,,
,,,,,,,,,,,,,,,,,
,,,,,,,,,,,,,,,,,
,,,,,,,,,,,,,,,,,
,,,,,,,,,,,,,,,,,
,,,,,,,,,,,,,,,,,
,,,,,,,,,,,,,,,,,
,,,,,,,,,,,,,,,,,
,,,,,,,,,,,,,,,,,
,,,,,,,,,,,,,,,,,
,,,,,,,,,,,,,,,,,
,,,,,,,,,,,,,,,,,
,,,,,,,,,,,,,,,,,
,,,,,,,,,,,,,,,,,
,,,,,,,,,,,,,,,,,
,,,,,,,,,,,,,,,,,
,,,,,,,,,,,,,,,,,
,,,,,,,,,,,,,,,,,
,,,,,,,,,,,,,,,,,
,,,,,,,,,,,,,,,,,
,,,,,,,,,,,,,,,,,
,,,,,,,,,,,,,,,,,
,,,,,,,,,,,,,,,,,
,,,,,,,,,,,,,,,,,
,,,,,,,,,,,,,,,,,
,,,,,,,,,,,,,,,,,
,,,,,,,,,,,,,,,,,
,,,,,,,,,,,,,,,,,
,,,,,,,,,,,,,,,,,
,,,,,,,,,,,,,,,,,
,,,,,,,,,,,,,,,,,
,,,,,,,,,,,,,,,,,
,,,,,,,,,,,,,,,,,
,,,,,,,,,,,,,,,,,
,,,,,,,,,,,,,,,,,
,,,,,,,,,,,,,,,,,
,,,,,,,,,,,,,,,,,
,,,,,,,,,,,,,,,,,
,,,,,,,,,,,,,,,,,
,,,,,,,,,,,,,,,,,
,,,,,,,,,,,,,,,,,
,,,,,,,,,,,,,,,,,
,,,,,,,,,,,,,,,,,
,,,,,,,,,,,,,,,,,
,,,,,,,,,,,,,,,,,
,,,,,,,,,,,,,,,,,
,,,,,,,,,,,,,,,,,
,,,,,,,,,,,,,,,,,
,,,,,,,,,,,,,,,,,
,,,,,,,,,,,,,,,,,
,,,,,,,,,,,,,,,,,
,,,,,,,,,,,,,,,,,
,,,,,,,,,,,,,,,,,
,,,,,,,,,,,,,,,,,
,,,,,,,,,,,,,,,,,
,,,,,,,,,,,,,,,,,
,,,,,,,,,,,,,,,,,
,,,,,,,,,,,,,,,,,
,,,,,,,,,,,,,,,,,
,,,,,,,,,,,,,,,,,
,,,,,,,,,,,,,,,,,
,,,,,,,,,,,,,,,,,
,,,,,,,,,,,,,,,,,
,,,,,,,,,,,,,,,,,
,,,,,,,,,,,,,,,,,
,,,,,,,,,,,,,,,,,
,,,,,,,,,,,,,,,,,
,,,,,,,,,,,,,,,,,
,,,,,,,,,,,,,,,,,
,,,,,,,,,,,,,,,,,
,,,,,,,,,,,,,,,,,
,,,,,,,,,,,,,,,,,
,,,,,,,,,,,,,,,,,
,,,,,,,,,,,,,,,,,
,,,,,,,,,,,,,,,,,
,,,,,,,,,,,,,,,,,
,,,,,,,,,,,,,,,,,
,,,,,,,,,,,,,,,,,
,,,,,,,,,,,,,,,,,
,,,,,,,,,,,,,,,,,
,,,,,,,,,,,,,,,,,
,,,,,,,,,,,,,,,,,
,,,,,,,,,,,,,,,,,
,,,,,,,,,,,,,,,,,
,,,,,,,,,,,,,,,,,
,,,,,,,,,,,,,,,,,
,,,,,,,,,,,,,,,,,
,,,,,,,,,,,,,,,,,
,,,,,,,,,,,,,,,,,
,,,,,,,,,,,,,,,,,
,,,,,,,,,,,,,,,,,
,,,,,,,,,,,,,,,,,
,,,,,,,,,,,,,,,,,
,,,,,,,,,,,,,,,,,
,,,,,,,,,,,,,,,,,
,,,,,,,,,,,,,,,,,
,,,,,,,,,,,,,,,,,
,,,,,,,,,,,,,,,,,
,,,,,,,,,,,,,,,,,
,,,,,,,,,,,,,,,,,
,,,,,,,,,,,,,,,,,
,,,,,,,,,,,,,,,,,
,,,,,,,,,,,,,,,,,
,,,,,,,,,,,,,,,,,
,,,,,,,,,,,,,,,,,
,,,,,,,,,,,,,,,,,
,,,,,,,,,,,,,,,,,
,,,,,,,,,,,,,,,,,
,,,,,,,,,,,,,,,,,
,,,,,,,,,,,,,,,,,
,,,,,,,,,,,,,,,,,
,,,,,,,,,,,,,,,,,
,,,,,,,,,,,,,,,,,
,,,,,,,,,,,,,,,,,
,,,,,,,,,,,,,,,,,
,,,,,,,,,,,,,,,,,
,,,,,,,,,,,,,,,,,
,,,,,,,,,,,,,,,,,
,,,,,,,,,,,,,,,,,
,,,,,,,,,,,,,,,,,
,,,,,,,,,,,,,,,,,
,,,,,,,,,,,,,,,,,
,,,,,,,,,,,,,,,,,
,,,,,,,,,,,,,,,,,
,,,,,,,,,,,,,,,,,
,,,,,,,,,,,,,,,,,
,,,,,,,,,,,,,,,,,
,,,,,,,,,,,,,,,,,
,,,,,,,,,,,,,,,,,
,,,,,,,,,,,,,,,,,
,,,,,,,,,,,,,,,,,
,,,,,,,,,,,,,,,,,
,,,,,,,,,,,,,,,,,
,,,,,,,,,,,,,,,,,
,,,,,,,,,,,,,,,,,
,,,,,,,,,,,,,,,,,
,,,,,,,,,,,,,,,,,
,,,,,,,,,,,,,,,,,
,,,,,,,,,,,,,,,,,
,,,,,,,,,,,,,,,,,
,,,,,,,,,,,,,,,,,
,,,,,,,,,,,,,,,,,
,,,,,,,,,,,,,,,,,
,,,,,,,,,,,,,,,,,
,,,,,,,,,,,,,,,,,
,,,,,,,,,,,,,,,,,
,,,,,,,,,,,,,,,,,
,,,,,,,,,,,,,,,,,
,,,,,,,,,,,,,,,,,
,,,,,,,,,,,,,,,,,
,,,,,,,,,,,,,,,,,
,,,,,,,,,,,,,,,,,
,,,,,,,,,,,,,,,,,
,,,,,,,,,,,,,,,,,
